time_s,class,channel,band,percent_change,sem
-0.988,left_hand,C3,mu,-0.487082,2.92357
-0.972,left_hand,C3,mu,-0.334466,2.70792
-0.956,left_hand,C3,mu,-0.0897395,2.51363
-0.94,left_hand,C3,mu,0.265675,2.35528
-0.924,left_hand,C3,mu,0.726997,2.25899
-0.908,left_hand,C3,mu,1.26829,2.25339
-0.892,left_hand,C3,mu,1.84824,2.34486
-0.876,left_hand,C3,mu,2.41676,2.502
-0.86,left_hand,C3,mu,2.92044,2.66762
-0.844,left_hand,C3,mu,3.30685,2.78291
-0.828,left_hand,C3,mu,3.52869,2.8054
-0.812,left_hand,C3,mu,3.549,2.71812
-0.796,left_hand,C3,mu,3.34791,2.53299
-0.78,left_hand,C3,mu,2.92954,2.28946
-0.764,left_hand,C3,mu,2.32686,2.04671
-0.748,left_hand,C3,mu,1.6013,1.8651
-0.732,left_hand,C3,mu,0.835657,1.7777
-0.716,left_hand,C3,mu,0.120077,1.77455
-0.7,left_hand,C3,mu,-0.46592,1.82126
-0.684,left_hand,C3,mu,-0.870385,1.88669
-0.668,left_hand,C3,mu,-1.07925,1.94943
-0.652,left_hand,C3,mu,-1.11607,1.99085
-0.636,left_hand,C3,mu,-1.03106,1.99236
-0.62,left_hand,C3,mu,-0.883503,1.93992
-0.604,left_hand,C3,mu,-0.724354,1.83026
-0.588,left_hand,C3,mu,-0.585367,1.67443
-0.572,left_hand,C3,mu,-0.477591,1.49853
-0.556,left_hand,C3,mu,-0.397404,1.34264
-0.54,left_hand,C3,mu,-0.335106,1.2564
-0.524,left_hand,C3,mu,-0.28116,1.28366
-0.508,left_hand,C3,mu,-0.228312,1.43594
-0.492,left_hand,C3,mu,-0.171473,1.68454
-0.476,left_hand,C3,mu,-0.108946,1.98051
-0.46,left_hand,C3,mu,-0.0468197,2.27325
-0.444,left_hand,C3,mu,-0.00444744,2.51906
-0.428,left_hand,C3,mu,-0.0158208,2.68451
-0.412,left_hand,C3,mu,-0.122089,2.74784
-0.396,left_hand,C3,mu,-0.354953,2.70032
-0.38,left_hand,C3,mu,-0.716903,2.54887
-0.364,left_hand,C3,mu,-1.16834,2.31865
-0.348,left_hand,C3,mu,-1.63056,2.051
-0.332,left_hand,C3,mu,-2.00701,1.7928
-0.316,left_hand,C3,mu,-2.21639,1.57798
-0.3,left_hand,C3,mu,-2.22441,1.41319
-0.284,left_hand,C3,mu,-2.06047,1.28511
-0.268,left_hand,C3,mu,-1.812,1.18877
-0.252,left_hand,C3,mu,-1.59822,1.15345
-0.236,left_hand,C3,mu,-1.53424,1.23562
-0.22,left_hand,C3,mu,-1.69846,1.46587
-0.204,left_hand,C3,mu,-2.11398,1.81677
-0.188,left_hand,C3,mu,-2.74731,2.23321
-0.172,left_hand,C3,mu,-3.52173,2.66167
-0.156,left_hand,C3,mu,-4.33864,3.0571
-0.14,left_hand,C3,mu,-5.0999,3.38372
-0.124,left_hand,C3,mu,-5.72591,3.61727
-0.108,left_hand,C3,mu,-6.16646,3.74931
-0.092,left_hand,C3,mu,-6.40354,3.7911
-0.076,left_hand,C3,mu,-6.44669,3.773
-0.06,left_hand,C3,mu,-6.32241,3.73624
-0.044,left_hand,C3,mu,-6.0601,3.71723
-0.028,left_hand,C3,mu,-5.67793,3.7326
-0.012,left_hand,C3,mu,-5.17262,3.776
0.004,left_hand,C3,mu,-4.51727,3.82907
0.02,left_hand,C3,mu,-3.66937,3.875
0.036,left_hand,C3,mu,-2.58844,3.90473
0.052,left_hand,C3,mu,-1.25844,3.9163
0.068,left_hand,C3,mu,0.291915,3.91545
0.084,left_hand,C3,mu,1.97837,3.92088
0.1,left_hand,C3,mu,3.66415,3.96776
0.116,left_hand,C3,mu,5.17742,4.09802
0.132,left_hand,C3,mu,6.33984,4.3354
0.148,left_hand,C3,mu,7.00057,4.6649
0.164,left_hand,C3,mu,7.06866,5.03806
0.18,left_hand,C3,mu,6.53633,5.39937
0.196,left_hand,C3,mu,5.4865,5.71304
0.212,left_hand,C3,mu,4.08032,5.9784
0.228,left_hand,C3,mu,2.52615,6.23081
0.244,left_hand,C3,mu,1.03738,6.52598
0.26,left_hand,C3,mu,-0.208743,6.90907
0.276,left_hand,C3,mu,-1.09971,7.38493
0.292,left_hand,C3,mu,-1.59767,7.91357
0.308,left_hand,C3,mu,-1.73257,8.4339
0.324,left_hand,C3,mu,-1.58626,8.89331
0.34,left_hand,C3,mu,-1.27603,9.26138
0.356,left_hand,C3,mu,-0.941974,9.52466
0.372,left_hand,C3,mu,-0.736575,9.67449
0.388,left_hand,C3,mu,-0.811796,9.7006
0.404,left_hand,C3,mu,-1.29973,9.59428
0.42,left_hand,C3,mu,-2.28761,9.35593
0.436,left_hand,C3,mu,-3.79332,9.00083
0.452,left_hand,C3,mu,-5.75049,8.5617
0.468,left_hand,C3,mu,-8.0114,8.08788
0.484,left_hand,C3,mu,-10.3708,7.63932
0.5,left_hand,C3,mu,-12.6064,7.27253
0.516,left_hand,C3,mu,-14.5259,7.02156
0.532,left_hand,C3,mu,-16.0061,6.88482
0.548,left_hand,C3,mu,-17.0133,6.82828
0.564,left_hand,C3,mu,-17.5975,6.8028
0.58,left_hand,C3,mu,-17.8675,6.76349
0.596,left_hand,C3,mu,-17.9535,6.68192
0.612,left_hand,C3,mu,-17.974,6.54948
0.628,left_hand,C3,mu,-18.0154,6.37379
0.644,left_hand,C3,mu,-18.1266,6.17214
0.66,left_hand,C3,mu,-18.3253,5.96577
0.676,left_hand,C3,mu,-18.6065,5.77699
0.692,left_hand,C3,mu,-18.9463,5.62811
0.708,left_hand,C3,mu,-19.3019,5.54085
0.724,left_hand,C3,mu,-19.6096,5.53642
0.74,left_hand,C3,mu,-19.7891,5.63688
0.756,left_hand,C3,mu,-19.7566,5.86564
0.772,left_hand,C3,mu,-19.4445,6.24228
0.788,left_hand,C3,mu,-18.8218,6.77095
0.804,left_hand,C3,mu,-17.9043,7.42914
0.82,left_hand,C3,mu,-16.7516,8.16682
0.836,left_hand,C3,mu,-15.4513,8.91841
0.852,left_hand,C3,mu,-14.0954,9.6217
0.868,left_hand,C3,mu,-12.7592,10.235
0.884,left_hand,C3,mu,-11.4882,10.7458
0.9,left_hand,C3,mu,-10.298,11.1681
0.916,left_hand,C3,mu,-9.18346,11.5303
0.932,left_hand,C3,mu,-8.13326,11.8586
0.948,left_hand,C3,mu,-7.14446,12.1631
0.964,left_hand,C3,mu,-6.23255,12.4338
0.98,left_hand,C3,mu,-5.4352,12.6461
0.996,left_hand,C3,mu,-4.80884,12.7714
1.012,left_hand,C3,mu,-4.41789,12.7886
1.028,left_hand,C3,mu,-4.31844,12.6907
1.044,left_hand,C3,mu,-4.53973,12.4867
1.06,left_hand,C3,mu,-5.06907,12.1984
1.076,left_hand,C3,mu,-5.84617,11.8545
1.092,left_hand,C3,mu,-6.77053,11.4829
1.108,left_hand,C3,mu,-7.72114,11.1062
1.124,left_hand,C3,mu,-8.58344,10.7411
1.14,left_hand,C3,mu,-9.27519,10.4
1.156,left_hand,C3,mu,-9.76384,10.0926
1.172,left_hand,C3,mu,-10.0706,9.82391
1.188,left_hand,C3,mu,-10.2608,9.59124
1.204,left_hand,C3,mu,-10.4252,9.38347
1.22,left_hand,C3,mu,-10.6556,9.18489
1.236,left_hand,C3,mu,-11.0237,8.98174
1.252,left_hand,C3,mu,-11.5643,8.76734
1.268,left_hand,C3,mu,-12.2682,8.54321
1.284,left_hand,C3,mu,-13.0844,8.3161
1.3,left_hand,C3,mu,-13.9325,8.09337
1.316,left_hand,C3,mu,-14.7237,7.88016
1.332,left_hand,C3,mu,-15.3851,7.68009
1.348,left_hand,C3,mu,-15.8814,7.49852
1.364,left_hand,C3,mu,-16.2277,7.34507
1.38,left_hand,C3,mu,-16.4881,7.23189
1.396,left_hand,C3,mu,-16.7593,7.16761
1.412,left_hand,C3,mu,-17.1451,7.15065
1.428,left_hand,C3,mu,-17.7274,7.16739
1.444,left_hand,C3,mu,-18.5432,7.19745
1.46,left_hand,C3,mu,-19.5727,7.22255
1.476,left_hand,C3,mu,-20.7432,7.23343
1.492,left_hand,C3,mu,-21.9443,7.23111
1.508,left_hand,C3,mu,-23.0543,7.22321
1.524,left_hand,C3,mu,-23.9661,7.21819
1.54,left_hand,C3,mu,-24.6104,7.22117
1.556,left_hand,C3,mu,-24.966,7.23285
1.572,left_hand,C3,mu,-25.0592,7.25131
1.588,left_hand,C3,mu,-24.9506,7.27459
1.604,left_hand,C3,mu,-24.7162,7.30222
1.62,left_hand,C3,mu,-24.4271,7.33516
1.636,left_hand,C3,mu,-24.1334,7.37545
1.652,left_hand,C3,mu,-23.8555,7.42679
1.668,left_hand,C3,mu,-23.5828,7.49563
1.684,left_hand,C3,mu,-23.2807,7.5903
1.7,left_hand,C3,mu,-22.9021,7.71675
1.716,left_hand,C3,mu,-22.4014,7.87257
1.732,left_hand,C3,mu,-21.7479,8.0438
1.748,left_hand,C3,mu,-20.9341,8.20796
1.764,left_hand,C3,mu,-19.9801,8.34213
1.78,left_hand,C3,mu,-18.9302,8.43206
1.796,left_hand,C3,mu,-17.8445,8.47848
1.812,left_hand,C3,mu,-16.7873,8.49811
1.828,left_hand,C3,mu,-15.8152,8.51856
1.844,left_hand,C3,mu,-14.9676,8.5682
1.86,left_hand,C3,mu,-14.2623,8.66483
1.876,left_hand,C3,mu,-13.6955,8.80888
1.892,left_hand,C3,mu,-13.2457,8.98452
1.908,left_hand,C3,mu,-12.8792,9.16709
1.924,left_hand,C3,mu,-12.5561,9.33195
1.94,left_hand,C3,mu,-12.2363,9.46106
1.956,left_hand,C3,mu,-11.8842,9.54642
1.972,left_hand,C3,mu,-11.4729,9.59153
1.988,left_hand,C3,mu,-10.9851,9.61166
2.004,left_hand,C3,mu,-10.4146,9.63291
2.02,left_hand,C3,mu,-9.76524,9.68876
2.036,left_hand,C3,mu,-9.05307,9.81231
2.052,left_hand,C3,mu,-8.30715,10.0246
2.068,left_hand,C3,mu,-7.5699,10.3236
2.084,left_hand,C3,mu,-6.89281,10.6806
2.1,left_hand,C3,mu,-6.32665,11.0489
2.116,left_hand,C3,mu,-5.90858,11.3777
2.132,left_hand,C3,mu,-5.65144,11.6257
2.148,left_hand,C3,mu,-5.54105,11.7668
2.164,left_hand,C3,mu,-5.54406,11.7902
2.18,left_hand,C3,mu,-5.62335,11.6983
2.196,left_hand,C3,mu,-5.75381,11.5041
2.212,left_hand,C3,mu,-5.9304,11.2298
2.228,left_hand,C3,mu,-6.16439,10.9039
2.244,left_hand,C3,mu,-6.46962,10.5567
2.26,left_hand,C3,mu,-6.84565,10.2146
2.276,left_hand,C3,mu,-7.26646,9.89768
2.292,left_hand,C3,mu,-7.68025,9.62072
2.308,left_hand,C3,mu,-8.02137,9.3962
2.324,left_hand,C3,mu,-8.22934,9.2347
2.34,left_hand,C3,mu,-8.26751,9.14196
2.356,left_hand,C3,mu,-8.13376,9.11466
2.372,left_hand,C3,mu,-7.85899,9.13813
2.388,left_hand,C3,mu,-7.49437,9.18787
2.404,left_hand,C3,mu,-7.09264,9.23491
2.42,left_hand,C3,mu,-6.69134,9.25369
2.436,left_hand,C3,mu,-6.30441,9.22993
2.452,left_hand,C3,mu,-5.92441,9.16543
2.468,left_hand,C3,mu,-5.53283,9.07736
2.484,left_hand,C3,mu,-5.11248,8.99194
2.5,left_hand,C3,mu,-4.65598,8.93485
2.516,left_hand,C3,mu,-4.16733,8.92307
2.532,left_hand,C3,mu,-3.65738,8.96213
2.548,left_hand,C3,mu,-3.13736,9.04894
2.564,left_hand,C3,mu,-2.61493,9.17658
2.58,left_hand,C3,mu,-2.09568,9.33731
2.596,left_hand,C3,mu,-1.58946,9.52261
2.612,left_hand,C3,mu,-1.11784,9.72121
2.628,left_hand,C3,mu,-0.717398,9.91687
2.644,left_hand,C3,mu,-0.434959,10.088
2.66,left_hand,C3,mu,-0.314546,10.2106
2.676,left_hand,C3,mu,-0.380477,10.2634
2.692,left_hand,C3,mu,-0.624007,10.2348
2.708,left_hand,C3,mu,-1.00023,10.1259
2.724,left_hand,C3,mu,-1.43763,9.94999
2.74,left_hand,C3,mu,-1.85656,9.72772
2.756,left_hand,C3,mu,-2.18873,9.48286
2.772,left_hand,C3,mu,-2.38947,9.23949
2.788,left_hand,C3,mu,-2.43919,9.02112
2.804,left_hand,C3,mu,-2.3361,8.84944
2.82,left_hand,C3,mu,-2.08698,8.74164
2.836,left_hand,C3,mu,-1.70243,8.70717
2.852,left_hand,C3,mu,-1.19922,8.74545
2.868,left_hand,C3,mu,-0.607203,8.84439
2.884,left_hand,C3,mu,0.0253157,8.97949
2.9,left_hand,C3,mu,0.632693,9.11569
2.916,left_hand,C3,mu,1.14113,9.2143
2.932,left_hand,C3,mu,1.48301,9.2439
2.948,left_hand,C3,mu,1.61128,9.19032
2.964,left_hand,C3,mu,1.50918,9.06005
2.98,left_hand,C3,mu,1.19331,8.87578
2.996,left_hand,C3,mu,0.710414,8.66695
3.012,left_hand,C3,mu,0.129529,8.45992
3.028,left_hand,C3,mu,-0.46887,8.2712
3.044,left_hand,C3,mu,-1.00566,8.10526
3.06,left_hand,C3,mu,-1.4164,7.95701
3.076,left_hand,C3,mu,-1.66289,7.81774
3.092,left_hand,C3,mu,-1.74002,7.68215
3.108,left_hand,C3,mu,-1.67535,7.55266
3.124,left_hand,C3,mu,-1.52117,7.43914
3.14,left_hand,C3,mu,-1.34107,7.35375
3.156,left_hand,C3,mu,-1.19528,7.304
3.172,left_hand,C3,mu,-1.12884,7.28857
3.188,left_hand,C3,mu,-1.16535,7.29912
3.204,left_hand,C3,mu,-1.30671,7.32677
3.22,left_hand,C3,mu,-1.53765,7.36804
3.236,left_hand,C3,mu,-1.83272,7.42566
3.252,left_hand,C3,mu,-2.16363,7.50408
3.268,left_hand,C3,mu,-2.5054,7.6035
3.284,left_hand,C3,mu,-2.84016,7.71666
3.3,left_hand,C3,mu,-3.15849,7.83003
3.316,left_hand,C3,mu,-3.45813,7.92839
3.332,left_hand,C3,mu,-3.7408,8.00095
3.348,left_hand,C3,mu,-4.00785,8.04727
3.364,left_hand,C3,mu,-4.25595,8.08031
3.38,left_hand,C3,mu,-4.47387,8.12374
3.396,left_hand,C3,mu,-4.64173,8.20258
3.412,left_hand,C3,mu,-4.73397,8.33175
3.428,left_hand,C3,mu,-4.72613,8.50929
3.444,left_hand,C3,mu,-4.60444,8.71799
3.46,left_hand,C3,mu,-4.37512,8.93149
3.476,left_hand,C3,mu,-4.06934,9.11949
3.492,left_hand,C3,mu,-3.74055,9.25064
3.508,left_hand,C3,mu,-3.45358,9.29638
3.524,left_hand,C3,mu,-3.26839,9.23728
3.54,left_hand,C3,mu,-3.22389,9.06965
3.556,left_hand,C3,mu,-3.32728,8.8085
3.572,left_hand,C3,mu,-3.55205,8.4847
3.588,left_hand,C3,mu,-3.84396,8.13789
3.604,left_hand,C3,mu,-4.13245,7.80805
3.62,left_hand,C3,mu,-4.34348,7.5287
3.636,left_hand,C3,mu,-4.41161,7.32282
3.652,left_hand,C3,mu,-4.29015,7.20163
3.668,left_hand,C3,mu,-3.95928,7.16551
3.684,left_hand,C3,mu,-3.43115,7.20581
3.7,left_hand,C3,mu,-2.75031,7.30643
3.716,left_hand,C3,mu,-1.98692,7.44561
3.732,left_hand,C3,mu,-1.22184,7.59924
3.748,left_hand,C3,mu,-0.525523,7.74677
3.764,left_hand,C3,mu,0.0635308,7.87802
3.78,left_hand,C3,mu,0.552826,7.99724
3.796,left_hand,C3,mu,0.995462,8.12149
3.812,left_hand,C3,mu,1.47304,8.27291
3.828,left_hand,C3,mu,2.0664,8.46819
3.844,left_hand,C3,mu,2.82443,8.71022
3.86,left_hand,C3,mu,3.74236,8.98553
3.876,left_hand,C3,mu,4.75751,9.26768
3.892,left_hand,C3,mu,5.76362,9.52444
3.908,left_hand,C3,mu,6.63785,9.72596
3.924,left_hand,C3,mu,7.27124,9.85216
3.94,left_hand,C3,mu,7.59347,9.89749
3.956,left_hand,C3,mu,7.58625,9.87199
3.972,left_hand,C3,mu,7.28368,9.79814
3.988,left_hand,C3,mu,6.76124,9.70418
-0.988,left_hand,C3,beta,1.77697,1.54342
-0.972,left_hand,C3,beta,1.4197,1.62807
-0.956,left_hand,C3,beta,1.00013,1.72413
-0.94,left_hand,C3,beta,0.554582,1.77318
-0.924,left_hand,C3,beta,0.137214,1.73851
-0.908,left_hand,C3,beta,-0.192042,1.62081
-0.892,left_hand,C3,beta,-0.384939,1.46052
-0.876,left_hand,C3,beta,-0.421344,1.32308
-0.86,left_hand,C3,beta,-0.316149,1.25922
-0.844,left_hand,C3,beta,-0.112417,1.2641
-0.828,left_hand,C3,beta,0.135113,1.29354
-0.812,left_hand,C3,beta,0.375791,1.31473
-0.796,left_hand,C3,beta,0.56905,1.32493
-0.78,left_hand,C3,beta,0.680112,1.33749
-0.764,left_hand,C3,beta,0.674008,1.36135
-0.748,left_hand,C3,beta,0.518455,1.39132
-0.732,left_hand,C3,beta,0.198707,1.41244
-0.716,left_hand,C3,beta,-0.263568,1.41107
-0.7,left_hand,C3,beta,-0.801172,1.38417
-0.684,left_hand,C3,beta,-1.31152,1.34105
-0.668,left_hand,C3,beta,-1.68406,1.29528
-0.652,left_hand,C3,beta,-1.83274,1.25297
-0.636,left_hand,C3,beta,-1.71874,1.21113
-0.62,left_hand,C3,beta,-1.35537,1.17116
-0.604,left_hand,C3,beta,-0.797206,1.15601
-0.588,left_hand,C3,beta,-0.123113,1.20929
-0.572,left_hand,C3,beta,0.577169,1.35845
-0.556,left_hand,C3,beta,1.20952,1.57406
-0.54,left_hand,C3,beta,1.67972,1.77999
-0.524,left_hand,C3,beta,1.90349,1.8926
-0.508,left_hand,C3,beta,1.82595,1.85269
-0.492,left_hand,C3,beta,1.44482,1.6476
-0.476,left_hand,C3,beta,0.824176,1.32597
-0.46,left_hand,C3,beta,0.0872222,1.00992
-0.444,left_hand,C3,beta,-0.614015,0.878403
-0.428,left_hand,C3,beta,-1.14195,0.978226
-0.412,left_hand,C3,beta,-1.41237,1.15056
-0.396,left_hand,C3,beta,-1.41371,1.29216
-0.38,left_hand,C3,beta,-1.20029,1.3993
-0.364,left_hand,C3,beta,-0.864187,1.49698
-0.348,left_hand,C3,beta,-0.499269,1.59103
-0.332,left_hand,C3,beta,-0.172886,1.66603
-0.316,left_hand,C3,beta,0.083853,1.70893
-0.3,left_hand,C3,beta,0.266619,1.72323
-0.284,left_hand,C3,beta,0.378433,1.72467
-0.268,left_hand,C3,beta,0.413522,1.73048
-0.252,left_hand,C3,beta,0.353875,1.75289
-0.236,left_hand,C3,beta,0.179124,1.79731
-0.22,left_hand,C3,beta,-0.117451,1.86164
-0.204,left_hand,C3,beta,-0.516825,1.93867
-0.188,left_hand,C3,beta,-0.973333,2.02399
-0.172,left_hand,C3,beta,-1.42627,2.12298
-0.156,left_hand,C3,beta,-1.81925,2.24687
-0.14,left_hand,C3,beta,-2.11893,2.39853
-0.124,left_hand,C3,beta,-2.32543,2.56326
-0.108,left_hand,C3,beta,-2.47042,2.71572
-0.092,left_hand,C3,beta,-2.60468,2.83562
-0.076,left_hand,C3,beta,-2.78036,2.91791
-0.06,left_hand,C3,beta,-3.03357,2.97064
-0.044,left_hand,C3,beta,-3.37123,3.00354
-0.028,left_hand,C3,beta,-3.76363,3.0177
-0.012,left_hand,C3,beta,-4.14438,3.00716
0.004,left_hand,C3,beta,-4.41936,2.97237
0.02,left_hand,C3,beta,-4.48548,2.93254
0.036,left_hand,C3,beta,-4.25692,2.92203
0.052,left_hand,C3,beta,-3.69247,2.96693
0.068,left_hand,C3,beta,-2.81594,3.06036
0.084,left_hand,C3,beta,-1.72342,3.16297
0.1,left_hand,C3,beta,-0.574665,3.22839
0.116,left_hand,C3,beta,0.430215,3.22998
0.132,left_hand,C3,beta,1.08628,3.17203
0.148,left_hand,C3,beta,1.2267,3.08235
0.164,left_hand,C3,beta,0.765252,2.99231
0.18,left_hand,C3,beta,-0.273529,2.91863
0.196,left_hand,C3,beta,-1.74973,2.86139
0.212,left_hand,C3,beta,-3.43604,2.81626
0.228,left_hand,C3,beta,-5.07337,2.78412
0.244,left_hand,C3,beta,-6.43597,2.76805
0.26,left_hand,C3,beta,-7.38247,2.76381
0.276,left_hand,C3,beta,-7.87534,2.75587
0.292,left_hand,C3,beta,-7.96651,2.72461
0.308,left_hand,C3,beta,-7.76205,2.66032
0.324,left_hand,C3,beta,-7.38531,2.57365
0.34,left_hand,C3,beta,-6.95254,2.49349
0.356,left_hand,C3,beta,-6.56345,2.44968
0.372,left_hand,C3,beta,-6.2991,2.45334
0.388,left_hand,C3,beta,-6.21832,2.49538
0.404,left_hand,C3,beta,-6.35009,2.56663
0.42,left_hand,C3,beta,-6.68719,2.67821
0.436,left_hand,C3,beta,-7.18778,2.86102
0.452,left_hand,C3,beta,-7.78704,3.1398
0.468,left_hand,C3,beta,-8.41364,3.50329
0.484,left_hand,C3,beta,-9.0029,3.90011
0.5,left_hand,C3,beta,-9.50222,4.26192
0.516,left_hand,C3,beta,-9.87098,4.53236
0.532,left_hand,C3,beta,-10.0806,4.68558
0.548,left_hand,C3,beta,-10.1193,4.72961
0.564,left_hand,C3,beta,-9.99986,4.6959
0.58,left_hand,C3,beta,-9.76495,4.62225
0.596,left_hand,C3,beta,-9.4828,4.53992
0.612,left_hand,C3,beta,-9.23307,4.47148
0.628,left_hand,C3,beta,-9.08667,4.43573
0.644,left_hand,C3,beta,-9.08799,4.44972
0.66,left_hand,C3,beta,-9.24644,4.52372
0.676,left_hand,C3,beta,-9.53946,4.65564
0.692,left_hand,C3,beta,-9.92372,4.8327
0.708,left_hand,C3,beta,-10.3482,5.03858
0.724,left_hand,C3,beta,-10.7633,5.25829
0.74,left_hand,C3,beta,-11.1254,5.47829
0.756,left_hand,C3,beta,-11.3966,5.6855
0.772,left_hand,C3,beta,-11.5471,5.8685
0.788,left_hand,C3,beta,-11.5602,6.01897
0.804,left_hand,C3,beta,-11.44,6.13159
0.82,left_hand,C3,beta,-11.216,6.2035
0.836,left_hand,C3,beta,-10.9391,6.2357
0.852,left_hand,C3,beta,-10.6672,6.23542
0.868,left_hand,C3,beta,-10.4454,6.21569
0.884,left_hand,C3,beta,-10.2895,6.19127
0.9,left_hand,C3,beta,-10.1827,6.17438
0.916,left_hand,C3,beta,-10.0873,6.17419
0.932,left_hand,C3,beta,-9.96457,6.19881
0.948,left_hand,C3,beta,-9.79302,6.25563
0.964,left_hand,C3,beta,-9.57648,6.34876
0.98,left_hand,C3,beta,-9.33919,6.47737
0.996,left_hand,C3,beta,-9.11377,6.6367
1.012,left_hand,C3,beta,-8.92972,6.8192
1.028,left_hand,C3,beta,-8.80821,7.01226
1.044,left_hand,C3,beta,-8.7635,7.19465
1.06,left_hand,C3,beta,-8.80687,7.33699
1.076,left_hand,C3,beta,-8.94716,7.40957
1.092,left_hand,C3,beta,-9.18559,7.39513
1.108,left_hand,C3,beta,-9.50689,7.30041
1.124,left_hand,C3,beta,-9.87341,7.15905
1.14,left_hand,C3,beta,-10.228,7.02128
1.156,left_hand,C3,beta,-10.5074,6.9337
1.172,left_hand,C3,beta,-10.6606,6.92128
1.188,left_hand,C3,beta,-10.6663,6.98371
1.204,left_hand,C3,beta,-10.5391,7.10545
1.22,left_hand,C3,beta,-10.3253,7.26698
1.236,left_hand,C3,beta,-10.0872,7.44761
1.252,left_hand,C3,beta,-9.88534,7.62198
1.268,left_hand,C3,beta,-9.76183,7.75896
1.284,left_hand,C3,beta,-9.73252,7.8283
1.3,left_hand,C3,beta,-9.78724,7.81194
1.316,left_hand,C3,beta,-9.89859,7.7126
1.332,left_hand,C3,beta,-10.0366,7.5544
1.348,left_hand,C3,beta,-10.1854,7.37545
1.364,left_hand,C3,beta,-10.3567,7.21549
1.38,left_hand,C3,beta,-10.592,7.10288
1.396,left_hand,C3,beta,-10.9507,7.04622
1.412,left_hand,C3,beta,-11.485,7.03569
1.428,left_hand,C3,beta,-12.2118,7.05351
1.444,left_hand,C3,beta,-13.0934,7.08559
1.46,left_hand,C3,beta,-14.0387,7.12624
1.476,left_hand,C3,beta,-14.9246,7.17497
1.492,left_hand,C3,beta,-15.63,7.23049
1.508,left_hand,C3,beta,-16.0703,7.28706
1.524,left_hand,C3,beta,-16.2173,7.33409
1.54,left_hand,C3,beta,-16.1022,7.35767
1.556,left_hand,C3,beta,-15.7998,7.34367
1.572,left_hand,C3,beta,-15.405,7.28242
1.588,left_hand,C3,beta,-15.0088,7.17318
1.604,left_hand,C3,beta,-14.6818,7.02554
1.62,left_hand,C3,beta,-14.4661,6.85693
1.636,left_hand,C3,beta,-14.3729,6.6879
1.652,left_hand,C3,beta,-14.3828,6.53753
1.668,left_hand,C3,beta,-14.4484,6.41965
1.684,left_hand,C3,beta,-14.5032,6.34014
1.7,left_hand,C3,beta,-14.4755,6.29566
1.716,left_hand,C3,beta,-14.3073,6.27485
1.732,left_hand,C3,beta,-13.9684,6.26255
1.748,left_hand,C3,beta,-13.4633,6.2458
1.764,left_hand,C3,beta,-12.8283,6.21909
1.78,left_hand,C3,beta,-12.1211,6.18632
1.796,left_hand,C3,beta,-11.4077,6.15908
1.812,left_hand,C3,beta,-10.749,6.15207
1.828,left_hand,C3,beta,-10.1893,6.17651
1.844,left_hand,C3,beta,-9.74709,6.23336
1.86,left_hand,C3,beta,-9.41133,6.31067
1.876,left_hand,C3,beta,-9.14457,6.38858
1.892,left_hand,C3,beta,-8.89452,6.44977
1.908,left_hand,C3,beta,-8.61102,6.48798
1.924,left_hand,C3,beta,-8.26293,6.50911
1.94,left_hand,C3,beta,-7.84874,6.5266
1.956,left_hand,C3,beta,-7.39625,6.55584
1.972,left_hand,C3,beta,-6.95123,6.61068
1.988,left_hand,C3,beta,-6.55993,6.70031
2.004,left_hand,C3,beta,-6.25344,6.82502
2.02,left_hand,C3,beta,-6.04145,6.9727
2.036,left_hand,C3,beta,-5.91757,7.12004
2.052,left_hand,C3,beta,-5.87168,7.2398
2.068,left_hand,C3,beta,-5.9004,7.31095
2.084,left_hand,C3,beta,-6.00808,7.32622
2.1,left_hand,C3,beta,-6.19765,7.29311
2.116,left_hand,C3,beta,-6.45799,7.2278
2.132,left_hand,C3,beta,-6.75755,7.14475
2.148,left_hand,C3,beta,-7.05026,7.04812
2.164,left_hand,C3,beta,-7.29144,6.93076
2.18,left_hand,C3,beta,-7.45502,6.78234
2.196,left_hand,C3,beta,-7.5419,6.60156
2.212,left_hand,C3,beta,-7.57411,6.40419
2.228,left_hand,C3,beta,-7.57786,6.22044
2.244,left_hand,C3,beta,-7.56488,6.08127
2.26,left_hand,C3,beta,-7.523,6.00238
2.276,left_hand,C3,beta,-7.42192,5.9798
2.292,left_hand,C3,beta,-7.23193,6.00087
2.308,left_hand,C3,beta,-6.94586,6.05749
2.324,left_hand,C3,beta,-6.59323,6.14603
2.34,left_hand,C3,beta,-6.23964,6.25529
2.356,left_hand,C3,beta,-5.97192,6.35874
2.372,left_hand,C3,beta,-5.87469,6.42226
2.388,left_hand,C3,beta,-6.00531,6.42076
2.404,left_hand,C3,beta,-6.37317,6.35017
2.42,left_hand,C3,beta,-6.92826,6.22762
2.436,left_hand,C3,beta,-7.56515,6.08254
2.452,left_hand,C3,beta,-8.14634,5.94499
2.468,left_hand,C3,beta,-8.54342,5.83677
2.484,left_hand,C3,beta,-8.68386,5.76732
2.5,left_hand,C3,beta,-8.58344,5.73511
2.516,left_hand,C3,beta,-8.34607,5.73348
2.532,left_hand,C3,beta,-8.12578,5.75744
2.548,left_hand,C3,beta,-8.06485,5.80633
2.564,left_hand,C3,beta,-8.23538,5.87929
2.58,left_hand,C3,beta,-8.61119,5.96741
2.596,left_hand,C3,beta,-9.08185,6.05141
2.612,left_hand,C3,beta,-9.49997,6.10924
2.628,left_hand,C3,beta,-9.73813,6.12793
2.644,left_hand,C3,beta,-9.72997,6.10918
2.66,left_hand,C3,beta,-9.48145,6.06376
2.676,left_hand,C3,beta,-9.05398,6.00039
2.692,left_hand,C3,beta,-8.53287,5.91896
2.708,left_hand,C3,beta,-7.99756,5.81267
2.724,left_hand,C3,beta,-7.50454,5.67479
2.74,left_hand,C3,beta,-7.08496,5.50425
2.756,left_hand,C3,beta,-6.75221,5.30817
2.772,left_hand,C3,beta,-6.51202,5.10135
2.788,left_hand,C3,beta,-6.36926,4.90256
2.804,left_hand,C3,beta,-6.32926,4.72827
2.82,left_hand,C3,beta,-6.39449,4.58789
2.836,left_hand,C3,beta,-6.55929,4.48454
2.852,left_hand,C3,beta,-6.8057,4.42023
2.868,left_hand,C3,beta,-7.10282,4.39904
2.884,left_hand,C3,beta,-7.41049,4.42389
2.9,left_hand,C3,beta,-7.68635,4.49005
2.916,left_hand,C3,beta,-7.89397,4.58255
2.932,left_hand,C3,beta,-8.00946,4.68052
2.948,left_hand,C3,beta,-8.02505,4.76426
2.964,left_hand,C3,beta,-7.9495,4.81989
2.98,left_hand,C3,beta,-7.80591,4.84106
2.996,left_hand,C3,beta,-7.62809,4.82932
3.012,left_hand,C3,beta,-7.45585,4.79214
3.028,left_hand,C3,beta,-7.32924,4.7366
3.044,left_hand,C3,beta,-7.28094,4.66253
3.06,left_hand,C3,beta,-7.32735,4.56325
3.076,left_hand,C3,beta,-7.46035,4.43595
3.092,left_hand,C3,beta,-7.64405,4.29215
3.108,left_hand,C3,beta,-7.82075,4.15755
3.124,left_hand,C3,beta,-7.92724,4.06151
3.14,left_hand,C3,beta,-7.91706,4.02645
3.156,left_hand,C3,beta,-7.77984,4.06473
3.172,left_hand,C3,beta,-7.54828,4.17871
3.188,left_hand,C3,beta,-7.28808,4.35654
3.204,left_hand,C3,beta,-7.07359,4.56652
3.22,left_hand,C3,beta,-6.9591,4.75973
3.236,left_hand,C3,beta,-6.95791,4.88434
3.252,left_hand,C3,beta,-7.03819,4.90533
3.268,left_hand,C3,beta,-7.13683,4.81985
3.284,left_hand,C3,beta,-7.18361,4.66012
3.3,left_hand,C3,beta,-7.12365,4.48077
3.316,left_hand,C3,beta,-6.92799,4.33606
3.332,left_hand,C3,beta,-6.59037,4.26038
3.348,left_hand,C3,beta,-6.11717,4.26488
3.364,left_hand,C3,beta,-5.52106,4.34698
3.38,left_hand,C3,beta,-4.82477,4.49734
3.396,left_hand,C3,beta,-4.07192,4.69676
3.412,left_hand,C3,beta,-3.33447,4.91148
3.428,left_hand,C3,beta,-2.70644,5.09797
3.444,left_hand,C3,beta,-2.28104,5.21757
3.46,left_hand,C3,beta,-2.11957,5.25202
3.476,left_hand,C3,beta,-2.22627,5.21027
3.492,left_hand,C3,beta,-2.5428,5.12187
3.508,left_hand,C3,beta,-2.96711,5.02022
3.524,left_hand,C3,beta,-3.39063,4.92615
3.54,left_hand,C3,beta,-3.7387,4.84326
3.556,left_hand,C3,beta,-3.99636,4.76417
3.572,left_hand,C3,beta,-4.20722,4.67767
3.588,left_hand,C3,beta,-4.44531,4.57186
3.604,left_hand,C3,beta,-4.77286,4.43818
3.62,left_hand,C3,beta,-5.20431,4.27802
3.636,left_hand,C3,beta,-5.69336,4.10692
3.652,left_hand,C3,beta,-6.14741,3.95171
3.668,left_hand,C3,beta,-6.46015,3.84182
3.684,left_hand,C3,beta,-6.54646,3.79729
3.7,left_hand,C3,beta,-6.36664,3.81839
3.716,left_hand,C3,beta,-5.93521,3.88498
3.732,left_hand,C3,beta,-5.31607,3.96847
3.748,left_hand,C3,beta,-4.60771,4.04599
3.764,left_hand,C3,beta,-3.92122,4.1061
3.78,left_hand,C3,beta,-3.35425,4.14474
3.796,left_hand,C3,beta,-2.96666,4.15784
3.812,left_hand,C3,beta,-2.76593,4.13828
3.828,left_hand,C3,beta,-2.70905,4.08032
3.844,left_hand,C3,beta,-2.72126,3.98791
3.86,left_hand,C3,beta,-2.72518,3.87973
3.876,left_hand,C3,beta,-2.6683,3.78598
3.892,left_hand,C3,beta,-2.53797,3.73691
3.908,left_hand,C3,beta,-2.35902,3.749
3.924,left_hand,C3,beta,-2.17756,3.81818
3.94,left_hand,C3,beta,-2.04068,3.92546
3.956,left_hand,C3,beta,-1.98171,4.05022
3.972,left_hand,C3,beta,-2.01466,4.18049
3.988,left_hand,C3,beta,-2.13568,4.31376
-0.988,left_hand,C4,mu,-1.33093,3.51027
-0.972,left_hand,C4,mu,-1.63311,3.36264
-0.956,left_hand,C4,mu,-1.85691,3.15353
-0.94,left_hand,C4,mu,-1.97337,2.89317
-0.924,left_hand,C4,mu,-1.97123,2.60881
-0.908,left_hand,C4,mu,-1.85879,2.34417
-0.892,left_hand,C4,mu,-1.66337,2.15022
-0.876,left_hand,C4,mu,-1.428,2.06162
-0.86,left_hand,C4,mu,-1.20484,2.07085
-0.844,left_hand,C4,mu,-1.04581,2.13117
-0.828,left_hand,C4,mu,-0.992194,2.18842
-0.812,left_hand,C4,mu,-1.06603,2.20702
-0.796,left_hand,C4,mu,-1.2654,2.17693
-0.78,left_hand,C4,mu,-1.56458,2.1101
-0.764,left_hand,C4,mu,-1.91856,2.03525
-0.748,left_hand,C4,mu,-2.27044,1.99311
-0.732,left_hand,C4,mu,-2.56051,2.02549
-0.716,left_hand,C4,mu,-2.73572,2.15296
-0.7,left_hand,C4,mu,-2.75878,2.35685
-0.684,left_hand,C4,mu,-2.61532,2.58785
-0.668,left_hand,C4,mu,-2.31726,2.79089
-0.652,left_hand,C4,mu,-1.90081,2.9246
-0.636,left_hand,C4,mu,-1.41851,2.96863
-0.62,left_hand,C4,mu,-0.92722,2.92207
-0.604,left_hand,C4,mu,-0.475283,2.79704
-0.588,left_hand,C4,mu,-0.0929442,2.61158
-0.572,left_hand,C4,mu,0.211483,2.3849
-0.556,left_hand,C4,mu,0.4495,2.13726
-0.54,left_hand,C4,mu,0.646414,1.89533
-0.524,left_hand,C4,mu,0.834147,1.70036
-0.508,left_hand,C4,mu,1.04464,1.60538
-0.492,left_hand,C4,mu,1.30392,1.64104
-0.476,left_hand,C4,mu,1.62596,1.77747
-0.46,left_hand,C4,mu,2.00632,1.94445
-0.444,left_hand,C4,mu,2.41723,2.07989
-0.428,left_hand,C4,mu,2.80773,2.15259
-0.412,left_hand,C4,mu,3.11193,2.16162
-0.396,left_hand,C4,mu,3.26577,2.12606
-0.38,left_hand,C4,mu,3.22807,2.07152
-0.364,left_hand,C4,mu,2.99828,2.01727
-0.348,left_hand,C4,mu,2.62251,1.96874
-0.332,left_hand,C4,mu,2.18365,1.91883
-0.316,left_hand,C4,mu,1.77744,1.85699
-0.3,left_hand,C4,mu,1.48315,1.78076
-0.284,left_hand,C4,mu,1.34007,1.70446
-0.268,left_hand,C4,mu,1.33869,1.66048
-0.252,left_hand,C4,mu,1.42885,1.68793
-0.236,left_hand,C4,mu,1.54002,1.80939
-0.22,left_hand,C4,mu,1.60465,2.01548
-0.204,left_hand,C4,mu,1.57551,2.27351
-0.188,left_hand,C4,mu,1.43249,2.54627
-0.172,left_hand,C4,mu,1.17926,2.80424
-0.156,left_hand,C4,mu,0.834522,3.03074
-0.14,left_hand,C4,mu,0.423272,3.22288
-0.124,left_hand,C4,mu,-0.0280223,3.389
-0.108,left_hand,C4,mu,-0.492042,3.54292
-0.092,left_hand,C4,mu,-0.939109,3.69644
-0.076,left_hand,C4,mu,-1.3363,3.85284
-0.06,left_hand,C4,mu,-1.64843,4.00321
-0.044,left_hand,C4,mu,-1.83995,4.12671
-0.028,left_hand,C4,mu,-1.87604,4.19543
-0.012,left_hand,C4,mu,-1.72204,4.18373
0.004,left_hand,C4,mu,-1.34305,4.07931
0.02,left_hand,C4,mu,-0.706859,3.89013
0.036,left_hand,C4,mu,0.207416,3.64177
0.052,left_hand,C4,mu,1.39522,3.36632
0.068,left_hand,C4,mu,2.81091,3.09258
0.084,left_hand,C4,mu,4.35634,2.84948
0.1,left_hand,C4,mu,5.87956,2.67927
0.116,left_hand,C4,mu,7.18745,2.6352
0.132,left_hand,C4,mu,8.0731,2.74545
0.148,left_hand,C4,mu,8.35468,2.98152
0.164,left_hand,C4,mu,7.91834,3.2807
0.18,left_hand,C4,mu,6.75403,3.59233
0.196,left_hand,C4,mu,4.97184,3.90142
0.212,left_hand,C4,mu,2.79007,4.22877
0.228,left_hand,C4,mu,0.49431,4.61848
0.244,left_hand,C4,mu,-1.62279,5.11507
0.26,left_hand,C4,mu,-3.3234,5.73399
0.276,left_hand,C4,mu,-4.46965,6.44324
0.292,left_hand,C4,mu,-5.04074,7.17262
0.308,left_hand,C4,mu,-5.12195,7.84288
0.324,left_hand,C4,mu,-4.87553,8.39321
0.34,left_hand,C4,mu,-4.50628,8.79201
0.356,left_hand,C4,mu,-4.23111,9.03032
0.372,left_hand,C4,mu,-4.25466,9.10791
0.388,left_hand,C4,mu,-4.74775,9.02405
0.404,left_hand,C4,mu,-5.82561,8.77869
0.42,left_hand,C4,mu,-7.52696,8.3805
0.436,left_hand,C4,mu,-9.8,7.85459
0.452,left_hand,C4,mu,-12.5032,7.24519
0.468,left_hand,C4,mu,-15.4251,6.61157
0.484,left_hand,C4,mu,-18.3222,6.0177
0.5,left_hand,C4,mu,-20.9642,5.51765
0.516,left_hand,C4,mu,-23.1768,5.14173
0.532,left_hand,C4,mu,-24.8684,4.8905
0.548,left_hand,C4,mu,-26.0363,4.74006
0.564,left_hand,C4,mu,-26.7507,4.65464
0.58,left_hand,C4,mu,-27.1245,4.5998
0.596,left_hand,C4,mu,-27.2781,4.55186
0.612,left_hand,C4,mu,-27.3108,4.50155
0.628,left_hand,C4,mu,-27.2841,4.4515
0.644,left_hand,C4,mu,-27.2204,4.41009
0.66,left_hand,C4,mu,-27.1138,4.38663
0.676,left_hand,C4,mu,-26.9436,4.39129
0.692,left_hand,C4,mu,-26.687,4.43859
0.708,left_hand,C4,mu,-26.3251,4.55023
0.724,left_hand,C4,mu,-25.8437,4.7526
0.74,left_hand,C4,mu,-25.2322,5.06809
0.756,left_hand,C4,mu,-24.4841,5.50536
0.772,left_hand,C4,mu,-23.6009,6.05527
0.788,left_hand,C4,mu,-22.5957,6.69304
0.804,left_hand,C4,mu,-21.4943,7.38211
0.82,left_hand,C4,mu,-20.3322,8.07797
0.836,left_hand,C4,mu,-19.1459,8.73477
0.852,left_hand,C4,mu,-17.9657,9.31584
0.868,left_hand,C4,mu,-16.8118,9.80384
0.884,left_hand,C4,mu,-15.6973,10.204
0.9,left_hand,C4,mu,-14.637,10.5372
0.916,left_hand,C4,mu,-13.6554,10.8254
0.932,left_hand,C4,mu,-12.7911,11.0788
0.948,left_hand,C4,mu,-12.0917,11.2895
0.964,left_hand,C4,mu,-11.6032,11.4367
0.98,left_hand,C4,mu,-11.3568,11.4971
0.996,left_hand,C4,mu,-11.3595,11.4549
1.012,left_hand,C4,mu,-11.5906,11.3082
1.028,left_hand,C4,mu,-12.0034,11.0693
1.044,left_hand,C4,mu,-12.531,10.76
1.06,left_hand,C4,mu,-13.0936,10.4045
1.076,left_hand,C4,mu,-13.6075,10.0231
1.092,left_hand,C4,mu,-13.9963,9.63002
1.108,left_hand,C4,mu,-14.2052,9.23635
1.124,left_hand,C4,mu,-14.2126,8.85658
1.14,left_hand,C4,mu,-14.0383,8.5124
1.156,left_hand,C4,mu,-13.7416,8.22893
1.172,left_hand,C4,mu,-13.4085,8.02382
1.188,left_hand,C4,mu,-13.1329,7.89662
1.204,left_hand,C4,mu,-12.996,7.82793
1.22,left_hand,C4,mu,-13.0497,7.78989
1.236,left_hand,C4,mu,-13.3106,7.76061
1.252,left_hand,C4,mu,-13.7612,7.73261
1.268,left_hand,C4,mu,-14.3601,7.71157
1.284,left_hand,C4,mu,-15.0533,7.70747
1.3,left_hand,C4,mu,-15.7862,7.72467
1.316,left_hand,C4,mu,-16.5124,7.7573
1.332,left_hand,C4,mu,-17.1991,7.79193
1.348,left_hand,C4,mu,-17.8299,7.81485
1.364,left_hand,C4,mu,-18.4038,7.81855
1.38,left_hand,C4,mu,-18.9336,7.80387
1.396,left_hand,C4,mu,-19.4413,7.77728
1.412,left_hand,C4,mu,-19.9543,7.745
1.428,left_hand,C4,mu,-20.5011,7.70732
1.444,left_hand,C4,mu,-21.1059,7.65609
1.46,left_hand,C4,mu,-21.7848,7.57667
1.476,left_hand,C4,mu,-22.5386,7.45349
1.492,left_hand,C4,mu,-23.3484,7.27615
1.508,left_hand,C4,mu,-24.1716,7.04377
1.524,left_hand,C4,mu,-24.945,6.76626
1.54,left_hand,C4,mu,-25.5965,6.46289
1.556,left_hand,C4,mu,-26.0626,6.15915
1.572,left_hand,C4,mu,-26.309,5.88255
1.588,left_hand,C4,mu,-26.3456,5.65721
1.604,left_hand,C4,mu,-26.2276,5.49775
1.62,left_hand,C4,mu,-26.0415,5.40488
1.636,left_hand,C4,mu,-25.8782,5.36603
1.652,left_hand,C4,mu,-25.8028,5.36193
1.668,left_hand,C4,mu,-25.8317,5.37564
1.684,left_hand,C4,mu,-25.9254,5.39964
1.7,left_hand,C4,mu,-25.9996,5.43849
1.716,left_hand,C4,mu,-25.9495,5.50623
1.732,left_hand,C4,mu,-25.6794,5.61941
1.748,left_hand,C4,mu,-25.1274,5.78859
1.764,left_hand,C4,mu,-24.2798,6.01253
1.78,left_hand,C4,mu,-23.173,6.27852
1.796,left_hand,C4,mu,-21.8847,6.56758
1.812,left_hand,C4,mu,-20.5179,6.86048
1.828,left_hand,C4,mu,-19.1836,7.1408
1.844,left_hand,C4,mu,-17.9831,7.39483
1.86,left_hand,C4,mu,-16.994,7.61041
1.876,left_hand,C4,mu,-16.2583,7.77722
1.892,left_hand,C4,mu,-15.7754,7.88929
1.908,left_hand,C4,mu,-15.5015,7.94839
1.924,left_hand,C4,mu,-15.3566,7.9661
1.94,left_hand,C4,mu,-15.2391,7.96322
1.956,left_hand,C4,mu,-15.0471,7.96626
1.972,left_hand,C4,mu,-14.7011,8.00207
1.988,left_hand,C4,mu,-14.1612,8.09231
2.004,left_hand,C4,mu,-13.4358,8.25
2.02,left_hand,C4,mu,-12.5788,8.47946
2.036,left_hand,C4,mu,-11.676,8.77817
2.052,left_hand,C4,mu,-10.8261,9.13764
2.068,left_hand,C4,mu,-10.1193,9.5416
2.084,left_hand,C4,mu,-9.61913,9.96434
2.1,left_hand,C4,mu,-9.35043,10.3725
2.116,left_hand,C4,mu,-9.29565,10.7313
2.132,left_hand,C4,mu,-9.40035,11.0119
2.148,left_hand,C4,mu,-9.587,11.1961
2.164,left_hand,C4,mu,-9.7741,11.2766
2.18,left_hand,C4,mu,-9.89581,11.2547
2.196,left_hand,C4,mu,-9.91682,11.1388
2.212,left_hand,C4,mu,-9.83763,10.9447
2.228,left_hand,C4,mu,-9.68893,10.6961
2.244,left_hand,C4,mu,-9.51712,10.424
2.26,left_hand,C4,mu,-9.36637,10.162
2.276,left_hand,C4,mu,-9.26361,9.93954
2.292,left_hand,C4,mu,-9.21163,9.77686
2.308,left_hand,C4,mu,-9.19214,9.68313
2.324,left_hand,C4,mu,-9.17664,9.65793
2.34,left_hand,C4,mu,-9.14025,9.69284
2.356,left_hand,C4,mu,-9.07285,9.77094
2.372,left_hand,C4,mu,-8.9834,9.86567
2.388,left_hand,C4,mu,-8.89628,9.94265
2.404,left_hand,C4,mu,-8.84171,9.96666
2.42,left_hand,C4,mu,-8.84423,9.91212
2.436,left_hand,C4,mu,-8.91335,9.77225
2.452,left_hand,C4,mu,-9.03915,9.5617
2.468,left_hand,C4,mu,-9.19346,9.31097
2.484,left_hand,C4,mu,-9.33582,9.05462
2.5,left_hand,C4,mu,-9.42254,8.81912
2.516,left_hand,C4,mu,-9.41694,8.61609
2.532,left_hand,C4,mu,-9.2989,8.44295
2.548,left_hand,C4,mu,-9.07177,8.2885
2.564,left_hand,C4,mu,-8.7647,8.13933
2.58,left_hand,C4,mu,-8.4295,7.98491
2.596,left_hand,C4,mu,-8.13207,7.82122
2.612,left_hand,C4,mu,-7.94002,7.65237
2.628,left_hand,C4,mu,-7.90889,7.48894
2.644,left_hand,C4,mu,-8.06969,7.34322
2.66,left_hand,C4,mu,-8.42072,7.22439
2.676,left_hand,C4,mu,-8.92571,7.13742
2.692,left_hand,C4,mu,-9.52001,7.08526
2.708,left_hand,C4,mu,-10.1238,7.06916
2.724,left_hand,C4,mu,-10.6596,7.08437
2.74,left_hand,C4,mu,-11.0686,7.11577
2.756,left_hand,C4,mu,-11.3207,7.14094
2.772,left_hand,C4,mu,-11.4142,7.14097
2.788,left_hand,C4,mu,-11.3669,7.11108
2.804,left_hand,C4,mu,-11.2028,7.06284
2.82,left_hand,C4,mu,-10.94,7.01711
2.836,left_hand,C4,mu,-10.5864,6.99381
2.852,left_hand,C4,mu,-10.1425,7.00498
2.868,left_hand,C4,mu,-9.60913,7.05309
2.884,left_hand,C4,mu,-8.9933,7.13235
2.9,left_hand,C4,mu,-8.30862,7.23144
2.916,left_hand,C4,mu,-7.56986,7.33889
2.932,left_hand,C4,mu,-6.78578,7.45047
2.948,left_hand,C4,mu,-5.95599,7.5744
2.964,left_hand,C4,mu,-5.07601,7.72858
2.98,left_hand,C4,mu,-4.14937,7.92872
2.996,left_hand,C4,mu,-3.20149,8.17404
3.012,left_hand,C4,mu,-2.28773,8.44093
3.028,left_hand,C4,mu,-1.48994,8.68911
3.044,left_hand,C4,mu,-0.90034,8.87605
3.06,left_hand,C4,mu,-0.59718,8.97105
3.076,left_hand,C4,mu,-0.620139,8.96349
3.092,left_hand,C4,mu,-0.954605,8.8638
3.108,left_hand,C4,mu,-1.53152,8.69811
3.124,left_hand,C4,mu,-2.24434,8.49922
3.14,left_hand,C4,mu,-2.97842,8.29738
3.156,left_hand,C4,mu,-3.64263,8.11455
3.172,left_hand,C4,mu,-4.19191,7.96314
3.188,left_hand,C4,mu,-4.63238,7.84762
3.204,left_hand,C4,mu,-5.00826,7.76584
3.22,left_hand,C4,mu,-5.37734,7.70926
3.236,left_hand,C4,mu,-5.786,7.66366
3.252,left_hand,C4,mu,-6.25345,7.61246
3.268,left_hand,C4,mu,-6.76906,7.54192
3.284,left_hand,C4,mu,-7.29999,7.44541
3.3,left_hand,C4,mu,-7.80285,7.3237
3.316,left_hand,C4,mu,-8.23345,7.18143
3.332,left_hand,C4,mu,-8.55231,7.02338
3.348,left_hand,C4,mu,-8.72692,6.85436
3.364,left_hand,C4,mu,-8.7331,6.68346
3.38,left_hand,C4,mu,-8.55707,6.52879
3.396,left_hand,C4,mu,-8.19827,6.41722
3.412,left_hand,C4,mu,-7.6718,6.37625
3.428,left_hand,C4,mu,-7.00992,6.42066
3.444,left_hand,C4,mu,-6.26239,6.54189
3.46,left_hand,C4,mu,-5.49559,6.70817
3.476,left_hand,C4,mu,-4.7898,6.87535
3.492,left_hand,C4,mu,-4.23316,7.00156
3.508,left_hand,C4,mu,-3.911,7.05851
3.524,left_hand,C4,mu,-3.89069,7.03602
3.54,left_hand,C4,mu,-4.20484,6.9399
3.556,left_hand,C4,mu,-4.83751,6.78558
3.572,left_hand,C4,mu,-5.71917,6.59097
3.588,left_hand,C4,mu,-6.73377,6.37157
3.604,left_hand,C4,mu,-7.7383,6.13872
3.62,left_hand,C4,mu,-8.59034,5.90019
3.636,left_hand,C4,mu,-9.17644,5.66176
3.652,left_hand,C4,mu,-9.43343,5.42919
3.668,left_hand,C4,mu,-9.35715,5.20947
3.684,left_hand,C4,mu,-8.99683,5.01036
3.7,left_hand,C4,mu,-8.43801,4.838
3.716,left_hand,C4,mu,-7.77912,4.6946
3.732,left_hand,C4,mu,-7.10802,4.57961
3.748,left_hand,C4,mu,-6.48358,4.49493
3.764,left_hand,C4,mu,-5.92597,4.45072
3.78,left_hand,C4,mu,-5.41749,4.46569
3.796,left_hand,C4,mu,-4.91368,4.55889
3.812,left_hand,C4,mu,-4.36237,4.73684
3.828,left_hand,C4,mu,-3.72551,4.98499
3.844,left_hand,C4,mu,-2.99731,5.26953
3.86,left_hand,C4,mu,-2.21235,5.54749
3.876,left_hand,C4,mu,-1.44051,5.77907
3.892,left_hand,C4,mu,-0.770014,5.9378
3.908,left_hand,C4,mu,-0.284547,6.01594
3.924,left_hand,C4,mu,-0.0424049,6.02364
3.94,left_hand,C4,mu,-0.0646707,5.98193
3.956,left_hand,C4,mu,-0.335278,5.91251
3.972,left_hand,C4,mu,-0.810771,5.82913
3.988,left_hand,C4,mu,-1.43389,5.73507
-0.988,left_hand,C4,beta,3.45541,1.75981
-0.972,left_hand,C4,beta,2.92327,1.67284
-0.956,left_hand,C4,beta,2.37443,1.56472
-0.94,left_hand,C4,beta,1.82078,1.45912
-0.924,left_hand,C4,beta,1.28662,1.38098
-0.908,left_hand,C4,beta,0.803061,1.33968
-0.892,left_hand,C4,beta,0.39972,1.32569
-0.876,left_hand,C4,beta,0.100281,1.32417
-0.86,left_hand,C4,beta,-0.0766188,1.32611
-0.844,left_hand,C4,beta,-0.116092,1.32707
-0.828,left_hand,C4,beta,-0.0120362,1.32537
-0.812,left_hand,C4,beta,0.220017,1.33017
-0.796,left_hand,C4,beta,0.529119,1.36967
-0.78,left_hand,C4,beta,0.825713,1.47597
-0.764,left_hand,C4,beta,0.997086,1.65019
-0.748,left_hand,C4,beta,0.93958,1.85269
-0.732,left_hand,C4,beta,0.595463,2.02817
-0.716,left_hand,C4,beta,-0.0218323,2.12973
-0.7,left_hand,C4,beta,-0.825914,2.12833
-0.684,left_hand,C4,beta,-1.68036,2.01589
-0.668,left_hand,C4,beta,-2.4368,1.80836
-0.652,left_hand,C4,beta,-2.97276,1.54614
-0.636,left_hand,C4,beta,-3.21612,1.28806
-0.62,left_hand,C4,beta,-3.15107,1.10189
-0.604,left_hand,C4,beta,-2.80947,1.05733
-0.588,left_hand,C4,beta,-2.25674,1.19976
-0.572,left_hand,C4,beta,-1.57925,1.50467
-0.556,left_hand,C4,beta,-0.874796,1.88828
-0.54,left_hand,C4,beta,-0.242575,2.24734
-0.524,left_hand,C4,beta,0.230753,2.4841
-0.508,left_hand,C4,beta,0.487977,2.52744
-0.492,left_hand,C4,beta,0.515407,2.35196
-0.476,left_hand,C4,beta,0.347413,1.98927
-0.46,left_hand,C4,beta,0.0583669,1.53122
-0.444,left_hand,C4,beta,-0.255635,1.13512
-0.428,left_hand,C4,beta,-0.499419,0.997834
-0.412,left_hand,C4,beta,-0.599748,1.12999
-0.396,left_hand,C4,beta,-0.52041,1.32416
-0.38,left_hand,C4,beta,-0.268717,1.44511
-0.364,left_hand,C4,beta,0.107967,1.45595
-0.348,left_hand,C4,beta,0.535037,1.36812
-0.332,left_hand,C4,beta,0.929068,1.21391
-0.316,left_hand,C4,beta,1.21582,1.03136
-0.3,left_hand,C4,beta,1.34252,0.865867
-0.284,left_hand,C4,beta,1.28261,0.78522
-0.268,left_hand,C4,beta,1.03506,0.842452
-0.252,left_hand,C4,beta,0.621596,0.990907
-0.236,left_hand,C4,beta,0.0836971,1.13518
-0.22,left_hand,C4,beta,-0.521236,1.21945
-0.204,left_hand,C4,beta,-1.12623,1.24851
-0.188,left_hand,C4,beta,-1.66467,1.27868
-0.172,left_hand,C4,beta,-2.08266,1.38159
-0.156,left_hand,C4,beta,-2.35071,1.58858
-0.14,left_hand,C4,beta,-2.47048,1.87287
-0.124,left_hand,C4,beta,-2.47351,2.17959
-0.108,left_hand,C4,beta,-2.41218,2.45297
-0.092,left_hand,C4,beta,-2.34607,2.64978
-0.076,left_hand,C4,beta,-2.32809,2.74908
-0.06,left_hand,C4,beta,-2.39268,2.75757
-0.044,left_hand,C4,beta,-2.5459,2.70534
-0.028,left_hand,C4,beta,-2.75781,2.63185
-0.012,left_hand,C4,beta,-2.96004,2.56997
0.004,left_hand,C4,beta,-3.0543,2.53923
0.02,left_hand,C4,beta,-2.93476,2.54949
0.036,left_hand,C4,beta,-2.5202,2.60261
0.052,left_hand,C4,beta,-1.78485,2.68645
0.068,left_hand,C4,beta,-0.77556,2.77394
0.084,left_hand,C4,beta,0.390787,2.83773
0.1,left_hand,C4,beta,1.54689,2.87004
0.116,left_hand,C4,beta,2.50327,2.88937
0.132,left_hand,C4,beta,3.07809,2.92456
0.148,left_hand,C4,beta,3.12604,2.98619
0.164,left_hand,C4,beta,2.56605,3.05255
0.18,left_hand,C4,beta,1.40437,3.08548
0.196,left_hand,C4,beta,-0.255314,3.05899
0.212,left_hand,C4,beta,-2.22432,2.97645
0.228,left_hand,C4,beta,-4.26637,2.86857
0.244,left_hand,C4,beta,-6.15096,2.77662
0.26,left_hand,C4,beta,-7.70423,2.73153
0.276,left_hand,C4,beta,-8.83934,2.74142
0.292,left_hand,C4,beta,-9.55774,2.7928
0.308,left_hand,C4,beta,-9.92699,2.8607
0.324,left_hand,C4,beta,-10.0495,2.92072
0.34,left_hand,C4,beta,-10.037,2.95876
0.356,left_hand,C4,beta,-9.99526,2.97437
0.372,left_hand,C4,beta,-10.0172,2.9756
0.388,left_hand,C4,beta,-10.1745,2.97147
0.404,left_hand,C4,beta,-10.5059,2.97004
0.42,left_hand,C4,beta,-11.0074,2.98231
0.436,left_hand,C4,beta,-11.633,3.02242
0.452,left_hand,C4,beta,-12.3115,3.0991
0.468,left_hand,C4,beta,-12.9721,3.20645
0.484,left_hand,C4,beta,-13.568,3.32569
0.5,left_hand,C4,beta,-14.0832,3.43722
0.516,left_hand,C4,beta,-14.5225,3.53222
0.532,left_hand,C4,beta,-14.8911,3.61555
0.548,left_hand,C4,beta,-15.1786,3.69997
0.564,left_hand,C4,beta,-15.3575,3.79723
0.58,left_hand,C4,beta,-15.3954,3.9132
0.596,left_hand,C4,beta,-15.2727,4.04908
0.612,left_hand,C4,beta,-14.9932,4.20464
0.628,left_hand,C4,beta,-14.5839,4.37775
0.644,left_hand,C4,beta,-14.0845,4.56102
0.66,left_hand,C4,beta,-13.5361,4.7422
0.676,left_hand,C4,beta,-12.9757,4.91223
0.692,left_hand,C4,beta,-12.4382,5.07428
0.708,left_hand,C4,beta,-11.9591,5.24349
0.724,left_hand,C4,beta,-11.572,5.43478
0.74,left_hand,C4,beta,-11.2979,5.64889
0.756,left_hand,C4,beta,-11.1301,5.86922
0.772,left_hand,C4,beta,-11.0274,6.07081
0.788,left_hand,C4,beta,-10.9227,6.23232
0.804,left_hand,C4,beta,-10.749,6.34321
0.82,left_hand,C4,beta,-10.4698,6.40516
0.836,left_hand,C4,beta,-10.0979,6.4299
0.852,left_hand,C4,beta,-9.69184,6.43452
0.868,left_hand,C4,beta,-9.32904,6.43497
0.884,left_hand,C4,beta,-9.07267,6.4403
0.9,left_hand,C4,beta,-8.94833,6.45216
0.916,left_hand,C4,beta,-8.94235,6.46953
0.932,left_hand,C4,beta,-9.01824,6.49358
0.948,left_hand,C4,beta,-9.13745,6.52691
0.964,left_hand,C4,beta,-9.27081,6.56913
0.98,left_hand,C4,beta,-9.39638,6.61511
0.996,left_hand,C4,beta,-9.49094,6.65807
1.012,left_hand,C4,beta,-9.52655,6.69318
1.028,left_hand,C4,beta,-9.47828,6.71641
1.044,left_hand,C4,beta,-9.3387,6.72004
1.06,left_hand,C4,beta,-9.12815,6.69066
1.076,left_hand,C4,beta,-8.8922,6.6145
1.092,left_hand,C4,beta,-8.68623,6.4884
1.108,left_hand,C4,beta,-8.55627,6.32927
1.124,left_hand,C4,beta,-8.52608,6.1737
1.14,left_hand,C4,beta,-8.59574,6.06416
1.156,left_hand,C4,beta,-8.74876,6.02752
1.172,left_hand,C4,beta,-8.9609,6.06039
1.188,left_hand,C4,beta,-9.20592,6.13386
1.204,left_hand,C4,beta,-9.45784,6.21417
1.22,left_hand,C4,beta,-9.69211,6.28307
1.236,left_hand,C4,beta,-9.88798,6.34398
1.252,left_hand,C4,beta,-10.0317,6.41107
1.268,left_hand,C4,beta,-10.1194,6.49011
1.284,left_hand,C4,beta,-10.1573,6.56615
1.3,left_hand,C4,beta,-10.1617,6.60766
1.316,left_hand,C4,beta,-10.157,6.58332
1.332,left_hand,C4,beta,-10.1752,6.4797
1.348,left_hand,C4,beta,-10.2555,6.30983
1.364,left_hand,C4,beta,-10.4426,6.10978
1.38,left_hand,C4,beta,-10.7807,5.9251
1.396,left_hand,C4,beta,-11.3022,5.79371
1.412,left_hand,C4,beta,-12.0122,5.73372
1.428,left_hand,C4,beta,-12.8749,5.74249
1.444,left_hand,C4,beta,-13.8117,5.80488
1.46,left_hand,C4,beta,-14.7132,5.9026
1.476,left_hand,C4,beta,-15.4657,6.01891
1.492,left_hand,C4,beta,-15.9801,6.13932
1.508,left_hand,C4,beta,-16.2136,6.2519
1.524,left_hand,C4,beta,-16.1751,6.34813
1.54,left_hand,C4,beta,-15.9153,6.42263
1.556,left_hand,C4,beta,-15.5065,6.47038
1.572,left_hand,C4,beta,-15.0221,6.4834
1.588,left_hand,C4,beta,-14.5219,6.4503
1.604,left_hand,C4,beta,-14.0473,6.36032
1.62,left_hand,C4,beta,-13.6216,6.2101
1.636,left_hand,C4,beta,-13.2542,6.00956
1.652,left_hand,C4,beta,-12.9437,5.78286
1.668,left_hand,C4,beta,-12.6809,5.5623
1.684,left_hand,C4,beta,-12.453,5.37666
1.7,left_hand,C4,beta,-12.2493,5.24103
1.716,left_hand,C4,beta,-12.0664,5.15542
1.732,left_hand,C4,beta,-11.9074,5.11189
1.748,left_hand,C4,beta,-11.7752,5.10214
1.764,left_hand,C4,beta,-11.6624,5.11963
1.78,left_hand,C4,beta,-11.5453,5.1576
1.796,left_hand,C4,beta,-11.388,5.20839
1.812,left_hand,C4,beta,-11.1552,5.26578
1.828,left_hand,C4,beta,-10.8272,5.32758
1.844,left_hand,C4,beta,-10.4074,5.39504
1.86,left_hand,C4,beta,-9.91858,5.47001
1.876,left_hand,C4,beta,-9.39156,5.55353
1.892,left_hand,C4,beta,-8.8547,5.64778
1.908,left_hand,C4,beta,-8.3308,5.75788
1.924,left_hand,C4,beta,-7.84113,5.88947
1.94,left_hand,C4,beta,-7.41044,6.04215
1.956,left_hand,C4,beta,-7.06637,6.20473
1.972,left_hand,C4,beta,-6.83147,6.35785
1.988,left_hand,C4,beta,-6.71236,6.48312
2.004,left_hand,C4,beta,-6.69379,6.57248
2.02,left_hand,C4,beta,-6.74291,6.63092
2.036,left_hand,C4,beta,-6.8229,6.67147
2.052,left_hand,C4,beta,-6.90895,6.70632
2.068,left_hand,C4,beta,-6.99765,6.73936
2.084,left_hand,C4,beta,-7.10398,6.76385
2.1,left_hand,C4,beta,-7.24694,6.76567
2.116,left_hand,C4,beta,-7.43216,6.7293
2.132,left_hand,C4,beta,-7.64213,6.64222
2.148,left_hand,C4,beta,-7.84077,6.49589
2.164,left_hand,C4,beta,-7.99049,6.28572
2.18,left_hand,C4,beta,-8.07185,6.01296
2.196,left_hand,C4,beta,-8.09432,5.68842
2.212,left_hand,C4,beta,-8.09192,5.33507
2.228,left_hand,C4,beta,-8.10626,4.98642
2.244,left_hand,C4,beta,-8.16626,4.67907
2.26,left_hand,C4,beta,-8.27455,4.44092
2.276,left_hand,C4,beta,-8.40683,4.28216
2.292,left_hand,C4,beta,-8.52388,4.19829
2.308,left_hand,C4,beta,-8.59073,4.18255
2.324,left_hand,C4,beta,-8.59441,4.23231
2.34,left_hand,C4,beta,-8.55294,4.34061
2.356,left_hand,C4,beta,-8.51183,4.48453
2.372,left_hand,C4,beta,-8.52903,4.62737
2.388,left_hand,C4,beta,-8.65331,4.73368
2.404,left_hand,C4,beta,-8.90311,4.78271
2.42,left_hand,C4,beta,-9.25352,4.77112
2.436,left_hand,C4,beta,-9.63774,4.7075
2.452,left_hand,C4,beta,-9.96507,4.60591
2.468,left_hand,C4,beta,-10.1509,4.48313
2.484,left_hand,C4,beta,-10.1469,4.35776
2.5,left_hand,C4,beta,-9.95841,4.24682
2.516,left_hand,C4,beta,-9.63979,4.15948
2.532,left_hand,C4,beta,-9.27195,4.09461
2.548,left_hand,C4,beta,-8.9324,4.04765
2.564,left_hand,C4,beta,-8.6732,4.02102
2.58,left_hand,C4,beta,-8.51465,4.02588
2.596,left_hand,C4,beta,-8.45313,4.07204
2.612,left_hand,C4,beta,-8.4739,4.15706
2.628,left_hand,C4,beta,-8.55972,4.26663
2.644,left_hand,C4,beta,-8.69148,4.38399
2.66,left_hand,C4,beta,-8.84451,4.49671
2.676,left_hand,C4,beta,-8.98749,4.59682
2.692,left_hand,C4,beta,-9.08812,4.67816
2.708,left_hand,C4,beta,-9.12399,4.73496
2.724,left_hand,C4,beta,-9.09201,4.7624
2.74,left_hand,C4,beta,-9.00953,4.75913
2.756,left_hand,C4,beta,-8.9061,4.73059
2.772,left_hand,C4,beta,-8.81065,4.69021
2.788,left_hand,C4,beta,-8.74191,4.65533
2.804,left_hand,C4,beta,-8.70702,4.64027
2.82,left_hand,C4,beta,-8.707,4.65192
2.836,left_hand,C4,beta,-8.74349,4.68985
2.852,left_hand,C4,beta,-8.82119,4.74772
2.868,left_hand,C4,beta,-8.94431,4.81369
2.884,left_hand,C4,beta,-9.1093,4.87114
2.9,left_hand,C4,beta,-9.29759,4.90241
2.916,left_hand,C4,beta,-9.47162,4.89531
2.932,left_hand,C4,beta,-9.57684,4.84894
2.948,left_hand,C4,beta,-9.55133,4.77384
2.964,left_hand,C4,beta,-9.34249,4.68546
2.98,left_hand,C4,beta,-8.92678,4.59636
2.996,left_hand,C4,beta,-8.32496,4.51328
3.012,left_hand,C4,beta,-7.60528,4.43819
3.028,left_hand,C4,beta,-6.87097,4.36818
3.044,left_hand,C4,beta,-6.2349,4.29448
3.06,left_hand,C4,beta,-5.78936,4.20621
3.076,left_hand,C4,beta,-5.5809,4.09905
3.092,left_hand,C4,beta,-5.59838,3.98072
3.108,left_hand,C4,beta,-5.77831,3.86783
3.124,left_hand,C4,beta,-6.02688,3.77856
3.14,left_hand,C4,beta,-6.25256,3.72984
3.156,left_hand,C4,beta,-6.39874,3.7396
3.172,left_hand,C4,beta,-6.46391,3.82453
3.188,left_hand,C4,beta,-6.49974,3.98759
3.204,left_hand,C4,beta,-6.58591,4.20486
3.22,left_hand,C4,beta,-6.79135,4.42783
3.236,left_hand,C4,beta,-7.13895,4.60263
3.252,left_hand,C4,beta,-7.59011,4.69322
3.268,left_hand,C4,beta,-8.05627,4.69503
3.284,left_hand,C4,beta,-8.43089,4.63303
3.3,left_hand,C4,beta,-8.62609,4.54643
3.316,left_hand,C4,beta,-8.5968,4.46988
3.332,left_hand,C4,beta,-8.34335,4.42442
3.348,left_hand,C4,beta,-7.89589,4.42231
3.364,left_hand,C4,beta,-7.29322,4.4748
3.38,left_hand,C4,beta,-6.57013,4.58916
3.396,left_hand,C4,beta,-5.75937,4.75571
3.412,left_hand,C4,beta,-4.90316,4.94056
3.428,left_hand,C4,beta,-4.06158,5.09565
3.444,left_hand,C4,beta,-3.30728,5.18037
3.46,left_hand,C4,beta,-2.70614,5.18029
3.476,left_hand,C4,beta,-2.2942,5.11239
3.492,left_hand,C4,beta,-2.0654,5.01405
3.508,left_hand,C4,beta,-1.97869,4.92248
3.524,left_hand,C4,beta,-1.98206,4.85846
3.54,left_hand,C4,beta,-2.04077,4.82481
3.556,left_hand,C4,beta,-2.15451,4.81369
3.572,left_hand,C4,beta,-2.35411,4.81128
3.588,left_hand,C4,beta,-2.67922,4.7995
3.604,left_hand,C4,beta,-3.14923,4.76138
3.62,left_hand,C4,beta,-3.743,4.68858
3.636,left_hand,C4,beta,-4.39863,4.5834
3.652,left_hand,C4,beta,-5.03301,4.45549
3.668,left_hand,C4,beta,-5.57044,4.32026
3.684,left_hand,C4,beta,-5.96537,4.20086
3.7,left_hand,C4,beta,-6.20896,4.126
3.716,left_hand,C4,beta,-6.31974,4.11892
3.732,left_hand,C4,beta,-6.32728,4.18424
3.748,left_hand,C4,beta,-6.25965,4.30393
3.764,left_hand,C4,beta,-6.14022,4.44463
3.78,left_hand,C4,beta,-5.99086,4.56943
3.796,left_hand,C4,beta,-5.83409,4.64846
3.812,left_hand,C4,beta,-5.68917,4.66618
3.828,left_hand,C4,beta,-5.56385,4.62452
3.844,left_hand,C4,beta,-5.44941,4.54062
3.86,left_hand,C4,beta,-5.3252,4.4395
3.876,left_hand,C4,beta,-5.17211,4.34283
3.892,left_hand,C4,beta,-4.9867,4.25791
3.908,left_hand,C4,beta,-4.7862,4.17406
3.924,left_hand,C4,beta,-4.60079,4.07185
3.94,left_hand,C4,beta,-4.45874,3.93998
3.956,left_hand,C4,beta,-4.37441,3.78783
3.972,left_hand,C4,beta,-4.34642,3.64422
3.988,left_hand,C4,beta,-4.36411,3.5428
-0.988,right_hand,C3,mu,3.29025,2.73283
-0.972,right_hand,C3,mu,4.01066,2.5115
-0.956,right_hand,C3,mu,4.31587,2.25743
-0.94,right_hand,C3,mu,4.2578,2.02824
-0.924,right_hand,C3,mu,3.92261,1.88775
-0.908,right_hand,C3,mu,3.41442,1.86148
-0.892,right_hand,C3,mu,2.83743,1.90463
-0.876,right_hand,C3,mu,2.28054,1.93451
-0.86,right_hand,C3,mu,1.80779,1.88676
-0.844,right_hand,C3,mu,1.45489,1.74355
-0.828,right_hand,C3,mu,1.23152,1.53526
-0.812,right_hand,C3,mu,1.12732,1.32573
-0.796,right_hand,C3,mu,1.11985,1.18095
-0.78,right_hand,C3,mu,1.18265,1.12995
-0.764,right_hand,C3,mu,1.29153,1.15938
-0.748,right_hand,C3,mu,1.42805,1.25044
-0.732,right_hand,C3,mu,1.57981,1.39408
-0.716,right_hand,C3,mu,1.73823,1.57384
-0.7,right_hand,C3,mu,1.89532,1.75981
-0.684,right_hand,C3,mu,2.04065,1.92231
-0.668,right_hand,C3,mu,2.15929,2.04522
-0.652,right_hand,C3,mu,2.23075,2.129
-0.636,right_hand,C3,mu,2.22908,2.18544
-0.62,right_hand,C3,mu,2.12484,2.23024
-0.604,right_hand,C3,mu,1.88971,2.27742
-0.588,right_hand,C3,mu,1.5039,2.33607
-0.572,right_hand,C3,mu,0.964615,2.40723
-0.556,right_hand,C3,mu,0.291978,2.48032
-0.54,right_hand,C3,mu,-0.471196,2.53238
-0.524,right_hand,C3,mu,-1.26719,2.53293
-0.508,right_hand,C3,mu,-2.03643,2.45377
-0.492,right_hand,C3,mu,-2.73044,2.27969
-0.476,right_hand,C3,mu,-3.31869,2.01686
-0.46,right_hand,C3,mu,-3.78653,1.69818
-0.444,right_hand,C3,mu,-4.12607,1.38699
-0.428,right_hand,C3,mu,-4.32599,1.17301
-0.412,right_hand,C3,mu,-4.36723,1.12422
-0.396,right_hand,C3,mu,-4.22854,1.20436
-0.38,right_hand,C3,mu,-3.90049,1.31225
-0.364,right_hand,C3,mu,-3.40163,1.38293
-0.348,right_hand,C3,mu,-2.78837,1.41558
-0.332,right_hand,C3,mu,-2.15253,1.46174
-0.316,right_hand,C3,mu,-1.60504,1.58529
-0.3,right_hand,C3,mu,-1.25065,1.80271
-0.284,right_hand,C3,mu,-1.16192,2.06872
-0.268,right_hand,C3,mu,-1.36133,2.31817
-0.252,right_hand,C3,mu,-1.81733,2.50333
-0.236,right_hand,C3,mu,-2.45511,2.60677
-0.22,right_hand,C3,mu,-3.17777,2.63959
-0.204,right_hand,C3,mu,-3.89086,2.63104
-0.188,right_hand,C3,mu,-4.52309,2.61294
-0.172,right_hand,C3,mu,-5.03781,2.60457
-0.156,right_hand,C3,mu,-5.43391,2.60659
-0.14,right_hand,C3,mu,-5.73776,2.60679
-0.124,right_hand,C3,mu,-5.99028,2.59121
-0.108,right_hand,C3,mu,-6.2338,2.55211
-0.092,right_hand,C3,mu,-6.50194,2.4902
-0.076,right_hand,C3,mu,-6.81387,2.41312
-0.06,right_hand,C3,mu,-7.17212,2.33262
-0.044,right_hand,C3,mu,-7.56265,2.2612
-0.028,right_hand,C3,mu,-7.95619,2.20894
-0.012,right_hand,C3,mu,-8.31114,2.18205
0.004,right_hand,C3,mu,-8.57877,2.18447
0.02,right_hand,C3,mu,-8.71077,2.22145
0.036,right_hand,C3,mu,-8.66817,2.30246
0.052,right_hand,C3,mu,-8.43006,2.44194
0.068,right_hand,C3,mu,-8.00065,2.65708
0.084,right_hand,C3,mu,-7.41387,2.96157
0.1,right_hand,C3,mu,-6.73504,3.35625
0.116,right_hand,C3,mu,-6.05777,3.82261
0.132,right_hand,C3,mu,-5.49408,4.32547
0.148,right_hand,C3,mu,-5.15596,4.82416
0.164,right_hand,C3,mu,-5.13053,5.28603
0.18,right_hand,C3,mu,-5.45519,5.69583
0.196,right_hand,C3,mu,-6.10251,6.05777
0.212,right_hand,C3,mu,-6.98305,6.39071
0.228,right_hand,C3,mu,-7.96868,6.71927
0.244,right_hand,C3,mu,-8.93,7.06458
0.26,right_hand,C3,mu,-9.77557,7.43731
0.276,right_hand,C3,mu,-10.4788,7.83441
0.292,right_hand,C3,mu,-11.0838,8.2399
0.308,right_hand,C3,mu,-11.6882,8.62925
0.324,right_hand,C3,mu,-12.4123,8.97569
0.34,right_hand,C3,mu,-13.3629,9.25587
0.356,right_hand,C3,mu,-14.6052,9.45319
0.372,right_hand,C3,mu,-16.147,9.55855
0.388,right_hand,C3,mu,-17.9387,9.56962
0.404,right_hand,C3,mu,-19.8851,9.49032
0.42,right_hand,C3,mu,-21.8648,9.33126
0.436,right_hand,C3,mu,-23.7523,9.11114
0.452,right_hand,C3,mu,-25.4378,8.85775
0.468,right_hand,C3,mu,-26.8431,8.60616
0.484,right_hand,C3,mu,-27.9314,8.39192
0.5,right_hand,C3,mu,-28.7105,8.23963
0.516,right_hand,C3,mu,-29.231,8.15207
0.532,right_hand,C3,mu,-29.5772,8.10721
0.548,right_hand,C3,mu,-29.8523,8.0663
0.564,right_hand,C3,mu,-30.1572,7.98846
0.58,right_hand,C3,mu,-30.567,7.84463
0.596,right_hand,C3,mu,-31.1107,7.62602
0.612,right_hand,C3,mu,-31.7614,7.34647
0.628,right_hand,C3,mu,-32.4416,7.03952
0.644,right_hand,C3,mu,-33.0445,6.7517
0.66,right_hand,C3,mu,-33.4645,6.53316
0.676,right_hand,C3,mu,-33.6273,6.42571
0.692,right_hand,C3,mu,-33.5074,6.4488
0.708,right_hand,C3,mu,-33.1289,6.58912
0.724,right_hand,C3,mu,-32.5496,6.80256
0.74,right_hand,C3,mu,-31.838,7.0305
0.756,right_hand,C3,mu,-31.0529,7.22128
0.772,right_hand,C3,mu,-30.2342,7.34564
0.788,right_hand,C3,mu,-29.4056,7.40082
0.804,right_hand,C3,mu,-28.5848,7.40441
0.82,right_hand,C3,mu,-27.7939,7.38262
0.836,right_hand,C3,mu,-27.0618,7.35944
0.852,right_hand,C3,mu,-26.4193,7.35133
0.868,right_hand,C3,mu,-25.8873,7.36789
0.884,right_hand,C3,mu,-25.466,7.41479
0.9,right_hand,C3,mu,-25.1311,7.49486
0.916,right_hand,C3,mu,-24.8371,7.60659
0.932,right_hand,C3,mu,-24.53,7.74253
0.948,right_hand,C3,mu,-24.1619,7.89018
0.964,right_hand,C3,mu,-23.7046,8.0353
0.98,right_hand,C3,mu,-23.1574,8.16535
0.996,right_hand,C3,mu,-22.5468,8.27089
1.012,right_hand,C3,mu,-21.9184,8.3446
1.028,right_hand,C3,mu,-21.3227,8.37959
1.044,right_hand,C3,mu,-20.7993,8.36893
1.06,right_hand,C3,mu,-20.3652,8.30795
1.076,right_hand,C3,mu,-20.0104,8.19822
1.092,right_hand,C3,mu,-19.7043,8.05078
1.108,right_hand,C3,mu,-19.4089,7.8854
1.124,right_hand,C3,mu,-19.0946,7.72453
1.14,right_hand,C3,mu,-18.7514,7.58485
1.156,right_hand,C3,mu,-18.393,7.47166
1.172,right_hand,C3,mu,-18.0511,7.38023
1.188,right_hand,C3,mu,-17.766,7.30193
1.204,right_hand,C3,mu,-17.5747,7.2286
1.22,right_hand,C3,mu,-17.5013,7.1515
1.236,right_hand,C3,mu,-17.5522,7.05793
1.252,right_hand,C3,mu,-17.7146,6.93238
1.268,right_hand,C3,mu,-17.9602,6.76446
1.284,right_hand,C3,mu,-18.2518,6.55861
1.3,right_hand,C3,mu,-18.5529,6.33702
1.316,right_hand,C3,mu,-18.8384,6.13087
1.332,right_hand,C3,mu,-19.1014,5.9644
1.348,right_hand,C3,mu,-19.3559,5.84406
1.364,right_hand,C3,mu,-19.6312,5.76196
1.38,right_hand,C3,mu,-19.9615,5.70875
1.396,right_hand,C3,mu,-20.3725,5.68207
1.412,right_hand,C3,mu,-20.8709,5.68352
1.428,right_hand,C3,mu,-21.4413,5.70992
1.444,right_hand,C3,mu,-22.0494,5.74959
1.46,right_hand,C3,mu,-22.6519,5.78718
1.476,right_hand,C3,mu,-23.208,5.81141
1.492,right_hand,C3,mu,-23.6887,5.81941
1.508,right_hand,C3,mu,-24.0813,5.81603
1.524,right_hand,C3,mu,-24.3884,5.81097
1.54,right_hand,C3,mu,-24.6225,5.81616
1.556,right_hand,C3,mu,-24.7986,5.84332
1.572,right_hand,C3,mu,-24.9278,5.90104
1.588,right_hand,C3,mu,-25.0141,5.99156
1.604,right_hand,C3,mu,-25.0559,6.109
1.62,right_hand,C3,mu,-25.0505,6.24049
1.636,right_hand,C3,mu,-24.9992,6.37032
1.652,right_hand,C3,mu,-24.9089,6.48501
1.668,right_hand,C3,mu,-24.79,6.5771
1.684,right_hand,C3,mu,-24.6497,6.64602
1.7,right_hand,C3,mu,-24.4856,6.6966
1.716,right_hand,C3,mu,-24.282,6.73652
1.732,right_hand,C3,mu,-24.0119,6.77516
1.748,right_hand,C3,mu,-23.6431,6.82438
1.764,right_hand,C3,mu,-23.1466,6.89993
1.78,right_hand,C3,mu,-22.5034,7.02089
1.796,right_hand,C3,mu,-21.7075,7.20575
1.812,right_hand,C3,mu,-20.7651,7.46713
1.828,right_hand,C3,mu,-19.6911,7.80831
1.844,right_hand,C3,mu,-18.504,8.22334
1.86,right_hand,C3,mu,-17.2213,8.69944
1.876,right_hand,C3,mu,-15.8569,9.21981
1.892,right_hand,C3,mu,-14.4214,9.76571
1.908,right_hand,C3,mu,-12.9257,10.3176
1.924,right_hand,C3,mu,-11.3871,10.8548
1.94,right_hand,C3,mu,-9.83566,11.3551
1.956,right_hand,C3,mu,-8.31708,11.7941
1.972,right_hand,C3,mu,-6.89015,12.1483
1.988,right_hand,C3,mu,-5.6186,12.3992
2.004,right_hand,C3,mu,-4.56003,12.5374
2.02,right_hand,C3,mu,-3.75569,12.5644
2.036,right_hand,C3,mu,-3.22426,12.4906
2.052,right_hand,C3,mu,-2.96069,12.3318
2.068,right_hand,C3,mu,-2.93918,12.106
2.084,right_hand,C3,mu,-3.11832,11.8328
2.1,right_hand,C3,mu,-3.4465,11.5331
2.116,right_hand,C3,mu,-3.86686,11.2304
2.132,right_hand,C3,mu,-4.32134,10.9499
2.148,right_hand,C3,mu,-4.75422,10.7149
2.164,right_hand,C3,mu,-5.1155,10.5424
2.18,right_hand,C3,mu,-5.36462,10.4392
2.196,right_hand,C3,mu,-5.47469,10.4002
2.212,right_hand,C3,mu,-5.43641,10.4121
2.228,right_hand,C3,mu,-5.25994,10.4575
2.244,right_hand,C3,mu,-4.97273,10.5201
2.26,right_hand,C3,mu,-4.61261,10.5869
2.276,right_hand,C3,mu,-4.21778,10.6484
2.292,right_hand,C3,mu,-3.81732,10.6984
2.308,right_hand,C3,mu,-3.42622,10.7323
2.324,right_hand,C3,mu,-3.0464,10.747
2.34,right_hand,C3,mu,-2.67271,10.7404
2.356,right_hand,C3,mu,-2.29975,10.7117
2.372,right_hand,C3,mu,-1.92624,10.6616
2.388,right_hand,C3,mu,-1.55526,10.5931
2.404,right_hand,C3,mu,-1.19194,10.5134
2.42,right_hand,C3,mu,-0.841193,10.4353
2.436,right_hand,C3,mu,-0.507335,10.3765
2.452,right_hand,C3,mu,-0.195244,10.3563
2.468,right_hand,C3,mu,0.08915,10.3904
2.484,right_hand,C3,mu,0.340978,10.4856
2.5,right_hand,C3,mu,0.560934,10.6378
2.516,right_hand,C3,mu,0.759267,10.8338
2.532,right_hand,C3,mu,0.955365,11.0559
2.548,right_hand,C3,mu,1.17074,11.2853
2.564,right_hand,C3,mu,1.41716,11.5048
2.58,right_hand,C3,mu,1.68528,11.6976
2.596,right_hand,C3,mu,1.94046,11.8458
2.612,right_hand,C3,mu,2.12959,11.9298
2.628,right_hand,C3,mu,2.19809,11.9294
2.644,right_hand,C3,mu,2.11091,11.8292
2.66,right_hand,C3,mu,1.86933,11.6248
2.676,right_hand,C3,mu,1.51663,11.3278
2.692,right_hand,C3,mu,1.12976,10.9669
2.708,right_hand,C3,mu,0.79923,10.5818
2.724,right_hand,C3,mu,0.603741,10.2145
2.74,right_hand,C3,mu,0.587595,9.90107
2.756,right_hand,C3,mu,0.748246,9.6673
2.772,right_hand,C3,mu,1.03786,9.52846
2.788,right_hand,C3,mu,1.37805,9.4888
2.804,right_hand,C3,mu,1.68228,9.53874
2.82,right_hand,C3,mu,1.87829,9.65127
2.836,right_hand,C3,mu,1.92349,9.78326
2.852,right_hand,C3,mu,1.80995,9.88547
2.868,right_hand,C3,mu,1.56019,9.91915
2.884,right_hand,C3,mu,1.21823,9.87168
2.9,right_hand,C3,mu,0.840323,9.76293
2.916,right_hand,C3,mu,0.487949,9.63778
2.932,right_hand,C3,mu,0.221876,9.54767
2.948,right_hand,C3,mu,0.0947479,9.53031
2.964,right_hand,C3,mu,0.140438,9.59847
2.98,right_hand,C3,mu,0.36192,9.74192
2.996,right_hand,C3,mu,0.722773,9.93759
3.012,right_hand,C3,mu,1.14843,10.1593
3.028,right_hand,C3,mu,1.54042,10.3829
3.044,right_hand,C3,mu,1.80121,10.588
3.06,right_hand,C3,mu,1.86157,10.7579
3.076,right_hand,C3,mu,1.70031,10.8794
3.092,right_hand,C3,mu,1.34896,10.9429
3.108,right_hand,C3,mu,0.880018,10.9437
3.124,right_hand,C3,mu,0.384714,10.8827
3.14,right_hand,C3,mu,-0.0508646,10.7681
3.156,right_hand,C3,mu,-0.363153,10.6142
3.172,right_hand,C3,mu,-0.518642,10.4393
3.188,right_hand,C3,mu,-0.51294,10.2608
3.204,right_hand,C3,mu,-0.365204,10.0902
3.22,right_hand,C3,mu,-0.111384,9.92944
3.236,right_hand,C3,mu,0.202011,9.77087
3.252,right_hand,C3,mu,0.523172,9.60147
3.268,right_hand,C3,mu,0.79891,9.40951
3.284,right_hand,C3,mu,0.976839,9.19194
3.3,right_hand,C3,mu,1.00632,8.95862
3.316,right_hand,C3,mu,0.840251,8.73014
3.332,right_hand,C3,mu,0.440553,8.52861
3.348,right_hand,C3,mu,-0.211676,8.36644
3.364,right_hand,C3,mu,-1.10386,8.24151
3.38,right_hand,C3,mu,-2.18348,8.14296
3.396,right_hand,C3,mu,-3.35963,8.06247
3.412,right_hand,C3,mu,-4.51716,8.00141
3.428,right_hand,C3,mu,-5.54022,7.96908
3.444,right_hand,C3,mu,-6.33785,7.97549
3.46,right_hand,C3,mu,-6.86309,8.02518
3.476,right_hand,C3,mu,-7.1204,8.11558
3.492,right_hand,C3,mu,-7.16035,8.23882
3.508,right_hand,C3,mu,-7.06472,8.38407
3.524,right_hand,C3,mu,-6.92717,8.53894
3.54,right_hand,C3,mu,-6.83413,8.68988
3.556,right_hand,C3,mu,-6.84953,8.82252
3.572,right_hand,C3,mu,-7.00506,8.9229
3.588,right_hand,C3,mu,-7.29631,8.97986
3.604,right_hand,C3,mu,-7.68428,8.98791
3.62,right_hand,C3,mu,-8.10196,8.94921
3.636,right_hand,C3,mu,-8.46564,8.87354
3.652,right_hand,C3,mu,-8.69056,8.77614
3.668,right_hand,C3,mu,-8.7091,8.67405
3.684,right_hand,C3,mu,-8.48778,8.58204
3.7,right_hand,C3,mu,-8.03773,8.5093
3.716,right_hand,C3,mu,-7.4142,8.45774
3.732,right_hand,C3,mu,-6.70338,8.42219
3.748,right_hand,C3,mu,-6.00002,8.39218
3.764,right_hand,C3,mu,-5.38291,8.35515
3.78,right_hand,C3,mu,-4.89657,8.30066
3.796,right_hand,C3,mu,-4.54502,8.22453
3.812,right_hand,C3,mu,-4.29833,8.13118
3.828,right_hand,C3,mu,-4.10804,8.03206
3.844,right_hand,C3,mu,-3.92482,7.94005
3.86,right_hand,C3,mu,-3.71221,7.86246
3.876,right_hand,C3,mu,-3.45336,7.79732
3.892,right_hand,C3,mu,-3.15086,7.73587
3.908,right_hand,C3,mu,-2.8218,7.66957
3.924,right_hand,C3,mu,-2.4904,7.59662
3.94,right_hand,C3,mu,-2.18021,7.52419
3.956,right_hand,C3,mu,-1.90706,7.46588
3.972,right_hand,C3,mu,-1.67473,7.43636
3.988,right_hand,C3,mu,-1.47472,7.44595
-0.988,right_hand,C3,beta,5.09753,2.72099
-0.972,right_hand,C3,beta,5.45262,2.55511
-0.956,right_hand,C3,beta,5.57962,2.29799
-0.94,right_hand,C3,beta,5.43063,2.01263
-0.924,right_hand,C3,beta,4.98487,1.75941
-0.908,right_hand,C3,beta,4.25597,1.57919
-0.892,right_hand,C3,beta,3.29352,1.47722
-0.876,right_hand,C3,beta,2.17938,1.42511
-0.86,right_hand,C3,beta,1.01928,1.38602
-0.844,right_hand,C3,beta,-0.0696075,1.33975
-0.828,right_hand,C3,beta,-0.974806,1.29206
-0.812,right_hand,C3,beta,-1.60667,1.26807
-0.796,right_hand,C3,beta,-1.91503,1.29052
-0.78,right_hand,C3,beta,-1.89958,1.35592
-0.764,right_hand,C3,beta,-1.61017,1.43592
-0.748,right_hand,C3,beta,-1.13577,1.50239
-0.732,right_hand,C3,beta,-0.584808,1.54923
-0.716,right_hand,C3,beta,-0.0623035,1.59487
-0.7,right_hand,C3,beta,0.349925,1.66225
-0.684,right_hand,C3,beta,0.605277,1.75018
-0.668,right_hand,C3,beta,0.694612,1.82628
-0.652,right_hand,C3,beta,0.639275,1.84873
-0.636,right_hand,C3,beta,0.477612,1.79061
-0.62,right_hand,C3,beta,0.249265,1.64854
-0.604,right_hand,C3,beta,-0.0176086,1.439
-0.588,right_hand,C3,beta,-0.311806,1.19512
-0.572,right_hand,C3,beta,-0.635723,0.975403
-0.556,right_hand,C3,beta,-0.995411,0.874744
-0.54,right_hand,C3,beta,-1.38912,0.959781
-0.524,right_hand,C3,beta,-1.79954,1.16907
-0.508,right_hand,C3,beta,-2.19262,1.39773
-0.492,right_hand,C3,beta,-2.52292,1.58073
-0.476,right_hand,C3,beta,-2.74284,1.69359
-0.46,right_hand,C3,beta,-2.81339,1.74138
-0.444,right_hand,C3,beta,-2.71385,1.74588
-0.428,right_hand,C3,beta,-2.44849,1.72814
-0.412,right_hand,C3,beta,-2.04786,1.69663
-0.396,right_hand,C3,beta,-1.5633,1.65375
-0.38,right_hand,C3,beta,-1.05602,1.6127
-0.364,right_hand,C3,beta,-0.585034,1.5992
-0.348,right_hand,C3,beta,-0.198834,1.62698
-0.332,right_hand,C3,beta,0.0674469,1.67602
-0.316,right_hand,C3,beta,0.191867,1.70664
-0.3,right_hand,C3,beta,0.166657,1.6927
-0.284,right_hand,C3,beta,0.00159442,1.64092
-0.268,right_hand,C3,beta,-0.273754,1.58547
-0.252,right_hand,C3,beta,-0.614474,1.56068
-0.236,right_hand,C3,beta,-0.973846,1.57043
-0.22,right_hand,C3,beta,-1.32192,1.58675
-0.204,right_hand,C3,beta,-1.65983,1.57725
-0.188,right_hand,C3,beta,-2.02074,1.52865
-0.172,right_hand,C3,beta,-2.45411,1.45312
-0.156,right_hand,C3,beta,-2.99896,1.38338
-0.14,right_hand,C3,beta,-3.65848,1.35854
-0.124,right_hand,C3,beta,-4.38938,1.40079
-0.108,right_hand,C3,beta,-5.11346,1.50324
-0.092,right_hand,C3,beta,-5.74773,1.64508
-0.076,right_hand,C3,beta,-6.23988,1.80926
-0.06,right_hand,C3,beta,-6.59093,1.98259
-0.044,right_hand,C3,beta,-6.85268,2.15089
-0.028,right_hand,C3,beta,-7.09963,2.30257
-0.012,right_hand,C3,beta,-7.38922,2.43523
0.004,right_hand,C3,beta,-7.73069,2.55285
0.02,right_hand,C3,beta,-8.07801,2.65319
0.036,right_hand,C3,beta,-8.34933,2.71973
0.052,right_hand,C3,beta,-8.46209,2.72931
0.068,right_hand,C3,beta,-8.36794,2.66962
0.084,right_hand,C3,beta,-8.07526,2.5517
0.1,right_hand,C3,beta,-7.65452,2.40954
0.116,right_hand,C3,beta,-7.22696,2.28875
0.132,right_hand,C3,beta,-6.93859,2.23146
0.148,right_hand,C3,beta,-6.92344,2.26168
0.164,right_hand,C3,beta,-7.26445,2.37561
0.18,right_hand,C3,beta,-7.96511,2.54705
0.196,right_hand,C3,beta,-8.94487,2.74724
0.212,right_hand,C3,beta,-10.0629,2.96007
0.228,right_hand,C3,beta,-11.1626,3.17865
0.244,right_hand,C3,beta,-12.1183,3.39085
0.26,right_hand,C3,beta,-12.8684,3.57293
0.276,right_hand,C3,beta,-13.4215,3.69876
0.292,right_hand,C3,beta,-13.8406,3.75575
0.308,right_hand,C3,beta,-14.2124,3.75536
0.324,right_hand,C3,beta,-14.6166,3.73239
0.34,right_hand,C3,beta,-15.1043,3.73237
0.356,right_hand,C3,beta,-15.6903,3.79295
0.372,right_hand,C3,beta,-16.3575,3.92864
0.388,right_hand,C3,beta,-17.0689,4.12649
0.404,right_hand,C3,beta,-17.781,4.35252
0.42,right_hand,C3,beta,-18.4534,4.56482
0.436,right_hand,C3,beta,-19.0549,4.72847
0.452,right_hand,C3,beta,-19.5646,4.82598
0.468,right_hand,C3,beta,-19.9699,4.85891
0.484,right_hand,C3,beta,-20.2625,4.8416
0.5,right_hand,C3,beta,-20.4347,4.79265
0.516,right_hand,C3,beta,-20.4788,4.72875
0.532,right_hand,C3,beta,-20.3904,4.66154
0.548,right_hand,C3,beta,-20.1749,4.59627
0.564,right_hand,C3,beta,-19.8527,4.53225
0.58,right_hand,C3,beta,-19.4591,4.46596
0.596,right_hand,C3,beta,-19.0379,4.39526
0.612,right_hand,C3,beta,-18.6291,4.32181
0.628,right_hand,C3,beta,-18.2572,4.24956
0.644,right_hand,C3,beta,-17.9234,4.18134
0.66,right_hand,C3,beta,-17.6064,4.11763
0.676,right_hand,C3,beta,-17.2703,4.06029
0.692,right_hand,C3,beta,-16.8786,4.01879
0.708,right_hand,C3,beta,-16.4057,4.01197
0.724,right_hand,C3,beta,-15.844,4.05965
0.74,right_hand,C3,beta,-15.203,4.16764
0.756,right_hand,C3,beta,-14.5023,4.31913
0.772,right_hand,C3,beta,-13.7662,4.48169
0.788,right_hand,C3,beta,-13.0208,4.62327
0.804,right_hand,C3,beta,-12.2985,4.7234
0.82,right_hand,C3,beta,-11.6437,4.77409
0.836,right_hand,C3,beta,-11.1148,4.77518
0.852,right_hand,C3,beta,-10.7763,4.73168
0.868,right_hand,C3,beta,-10.6819,4.65531
0.884,right_hand,C3,beta,-10.8523,4.56565
0.9,right_hand,C3,beta,-11.26,4.48537
0.916,right_hand,C3,beta,-11.8272,4.4293
0.932,right_hand,C3,beta,-12.4422,4.3955
0.948,right_hand,C3,beta,-12.9877,4.36746
0.964,right_hand,C3,beta,-13.3705,4.32676
0.98,right_hand,C3,beta,-13.544,4.26492
0.996,right_hand,C3,beta,-13.5147,4.18558
1.012,right_hand,C3,beta,-13.3345,4.09909
1.028,right_hand,C3,beta,-13.0817,4.0183
1.044,right_hand,C3,beta,-12.8386,3.96043
1.06,right_hand,C3,beta,-12.6712,3.95011
1.076,right_hand,C3,beta,-12.6165,4.0139
1.092,right_hand,C3,beta,-12.6784,4.16366
1.108,right_hand,C3,beta,-12.8338,4.38178
1.124,right_hand,C3,beta,-13.0451,4.62445
1.14,right_hand,C3,beta,-13.274,4.84032
1.156,right_hand,C3,beta,-13.4906,4.98925
1.172,right_hand,C3,beta,-13.6774,5.05148
1.188,right_hand,C3,beta,-13.828,5.02823
1.204,right_hand,C3,beta,-13.9432,4.93763
1.22,right_hand,C3,beta,-14.0247,4.80798
1.236,right_hand,C3,beta,-14.0677,4.66762
1.252,right_hand,C3,beta,-14.0536,4.53317
1.268,right_hand,C3,beta,-13.9483,4.40311
1.284,right_hand,C3,beta,-13.7134,4.2638
1.3,right_hand,C3,beta,-13.3272,4.10448
1.316,right_hand,C3,beta,-12.8105,3.92891
1.332,right_hand,C3,beta,-12.2401,3.75474
1.348,right_hand,C3,beta,-11.7418,3.60283
1.364,right_hand,C3,beta,-11.4601,3.48595
1.38,right_hand,C3,beta,-11.5176,3.40476
1.396,right_hand,C3,beta,-11.9771,3.3509
1.412,right_hand,C3,beta,-12.8211,3.31235
1.428,right_hand,C3,beta,-13.953,3.27843
1.444,right_hand,C3,beta,-15.219,3.24465
1.46,right_hand,C3,beta,-16.4441,3.21602
1.476,right_hand,C3,beta,-17.4725,3.20572
1.492,right_hand,C3,beta,-18.2027,3.22749
1.508,right_hand,C3,beta,-18.6075,3.28505
1.524,right_hand,C3,beta,-18.7306,3.36678
1.54,right_hand,C3,beta,-18.6612,3.45039
1.556,right_hand,C3,beta,-18.4962,3.51366
1.572,right_hand,C3,beta,-18.3047,3.54304
1.588,right_hand,C3,beta,-18.1113,3.53674
1.604,right_hand,C3,beta,-17.9025,3.50413
1.62,right_hand,C3,beta,-17.6512,3.46406
1.636,right_hand,C3,beta,-17.3436,3.4416
1.652,right_hand,C3,beta,-16.9939,3.46091
1.668,right_hand,C3,beta,-16.6394,3.53558
1.684,right_hand,C3,beta,-16.3211,3.66323
1.7,right_hand,C3,beta,-16.0605,3.82986
1.716,right_hand,C3,beta,-15.8467,4.0202
1.732,right_hand,C3,beta,-15.6383,4.22477
1.748,right_hand,C3,beta,-15.3783,4.43849
1.764,right_hand,C3,beta,-15.0141,4.65399
1.78,right_hand,C3,beta,-14.5153,4.85794
1.796,right_hand,C3,beta,-13.8836,5.03493
1.812,right_hand,C3,beta,-13.1528,5.17561
1.828,right_hand,C3,beta,-12.3801,5.28083
1.844,right_hand,C3,beta,-11.6303,5.35782
1.86,right_hand,C3,beta,-10.9593,5.41283
1.876,right_hand,C3,beta,-10.4009,5.44737
1.892,right_hand,C3,beta,-9.96404,5.45897
1.908,right_hand,C3,beta,-9.63836,5.44209
1.924,right_hand,C3,beta,-9.40509,5.38792
1.94,right_hand,C3,beta,-9.24649,5.28787
1.956,right_hand,C3,beta,-9.14961,5.14191
1.972,right_hand,C3,beta,-9.1048,4.96541
1.988,right_hand,C3,beta,-9.10258,4.7869
2.004,right_hand,C3,beta,-9.13318,4.63671
2.02,right_hand,C3,beta,-9.19028,4.53365
2.036,right_hand,C3,beta,-9.27684,4.47677
2.052,right_hand,C3,beta,-9.40861,4.4455
2.068,right_hand,C3,beta,-9.61177,4.4078
2.084,right_hand,C3,beta,-9.91409,4.33314
2.1,right_hand,C3,beta,-10.3325,4.20494
2.116,right_hand,C3,beta,-10.8625,4.02684
2.132,right_hand,C3,beta,-11.4724,3.82157
2.148,right_hand,C3,beta,-12.1073,3.62465
2.164,right_hand,C3,beta,-12.6986,3.47617
2.18,right_hand,C3,beta,-13.1777,3.4109
2.196,right_hand,C3,beta,-13.4897,3.44541
2.212,right_hand,C3,beta,-13.6022,3.56736
2.228,right_hand,C3,beta,-13.5095,3.73766
2.244,right_hand,C3,beta,-13.2304,3.90688
2.26,right_hand,C3,beta,-12.8033,4.03451
2.276,right_hand,C3,beta,-12.2781,4.10042
2.292,right_hand,C3,beta,-11.7083,4.10648
2.308,right_hand,C3,beta,-11.145,4.07108
2.324,right_hand,C3,beta,-10.6339,4.02046
2.34,right_hand,C3,beta,-10.2141,3.97852
2.356,right_hand,C3,beta,-9.91556,3.95783
2.372,right_hand,C3,beta,-9.7548,3.95606
2.388,right_hand,C3,beta,-9.72822,3.96071
2.404,right_hand,C3,beta,-9.80799,3.95835
2.42,right_hand,C3,beta,-9.94486,3.94097
2.436,right_hand,C3,beta,-10.0794,3.90582
2.452,right_hand,C3,beta,-10.1583,3.85168
2.468,right_hand,C3,beta,-10.1478,3.77751
2.484,right_hand,C3,beta,-10.0398,3.68655
2.5,right_hand,C3,beta,-9.84876,3.59201
2.516,right_hand,C3,beta,-9.60441,3.51661
2.532,right_hand,C3,beta,-9.34611,3.48363
2.548,right_hand,C3,beta,-9.12061,3.50669
2.564,right_hand,C3,beta,-8.98034,3.58676
2.58,right_hand,C3,beta,-8.97666,3.71497
2.596,right_hand,C3,beta,-9.14546,3.87486
2.612,right_hand,C3,beta,-9.48894,4.0445
2.628,right_hand,C3,beta,-9.9626,4.20235
2.644,right_hand,C3,beta,-10.4771,4.33344
2.66,right_hand,C3,beta,-10.9185,4.43006
2.676,right_hand,C3,beta,-11.1823,4.48755
2.692,right_hand,C3,beta,-11.2074,4.50138
2.708,right_hand,C3,beta,-10.9964,4.46907
2.724,right_hand,C3,beta,-10.6111,4.39442
2.74,right_hand,C3,beta,-10.1456,4.28952
2.756,right_hand,C3,beta,-9.68694,4.17287
2.772,right_hand,C3,beta,-9.28427,4.0645
2.788,right_hand,C3,beta,-8.93921,3.97962
2.804,right_hand,C3,beta,-8.62164,3.92285
2.82,right_hand,C3,beta,-8.29892,3.88762
2.836,right_hand,C3,beta,-7.96094,3.86343
2.852,right_hand,C3,beta,-7.62792,3.84686
2.868,right_hand,C3,beta,-7.34025,3.84668
2.884,right_hand,C3,beta,-7.14037,3.8768
2.9,right_hand,C3,beta,-7.05852,3.94188
2.916,right_hand,C3,beta,-7.10795,4.02884
2.932,right_hand,C3,beta,-7.28738,4.11213
2.948,right_hand,C3,beta,-7.58527,4.16616
2.964,right_hand,C3,beta,-7.98297,4.17343
2.98,right_hand,C3,beta,-8.45707,4.12573
2.996,right_hand,C3,beta,-8.98228,4.02444
3.012,right_hand,C3,beta,-9.53405,3.8846
3.028,right_hand,C3,beta,-10.0884,3.73934
3.044,right_hand,C3,beta,-10.6187,3.63479
3.06,right_hand,C3,beta,-11.0908,3.61059
3.076,right_hand,C3,beta,-11.4631,3.67878
3.092,right_hand,C3,beta,-11.6925,3.82291
3.108,right_hand,C3,beta,-11.7461,4.0169
3.124,right_hand,C3,beta,-11.6127,4.23927
3.14,right_hand,C3,beta,-11.3079,4.47104
3.156,right_hand,C3,beta,-10.8733,4.688
3.172,right_hand,C3,beta,-10.3687,4.86106
3.188,right_hand,C3,beta,-9.86373,4.9651
3.204,right_hand,C3,beta,-9.42955,4.98823
3.22,right_hand,C3,beta,-9.1284,4.93535
3.236,right_hand,C3,beta,-9.00049,4.82519
3.252,right_hand,C3,beta,-9.04983,4.6835
3.268,right_hand,C3,beta,-9.23674,4.53596
3.284,right_hand,C3,beta,-9.48539,4.40276
3.3,right_hand,C3,beta,-9.7087,4.29413
3.316,right_hand,C3,beta,-9.8424,4.20763
3.332,right_hand,C3,beta,-9.8724,4.1308
3.348,right_hand,C3,beta,-9.84072,4.05117
3.364,right_hand,C3,beta,-9.82537,3.96792
3.38,right_hand,C3,beta,-9.90342,3.89645
3.396,right_hand,C3,beta,-10.1151,3.86057
3.412,right_hand,C3,beta,-10.4457,3.87509
3.428,right_hand,C3,beta,-10.8332,3.93204
3.444,right_hand,C3,beta,-11.1946,4.00465
3.46,right_hand,C3,beta,-11.4578,4.06615
3.476,right_hand,C3,beta,-11.5859,4.10501
3.492,right_hand,C3,beta,-11.5847,4.12337
3.508,right_hand,C3,beta,-11.4973,4.12434
3.524,right_hand,C3,beta,-11.3898,4.10499
3.54,right_hand,C3,beta,-11.3333,4.06211
3.556,right_hand,C3,beta,-11.3863,4.00022
3.572,right_hand,C3,beta,-11.577,3.92956
3.588,right_hand,C3,beta,-11.8918,3.85661
3.604,right_hand,C3,beta,-12.272,3.77944
3.62,right_hand,C3,beta,-12.6262,3.69303
3.636,right_hand,C3,beta,-12.8547,3.59812
3.652,right_hand,C3,beta,-12.8809,3.50507
3.668,right_hand,C3,beta,-12.6792,3.42984
3.684,right_hand,C3,beta,-12.287,3.38508
3.7,right_hand,C3,beta,-11.7946,3.37288
3.716,right_hand,C3,beta,-11.3142,3.38511
3.732,right_hand,C3,beta,-10.9396,3.41098
3.748,right_hand,C3,beta,-10.7128,3.44543
3.764,right_hand,C3,beta,-10.6122,3.49236
3.78,right_hand,C3,beta,-10.5677,3.56208
3.796,right_hand,C3,beta,-10.4958,3.66675
3.812,right_hand,C3,beta,-10.3367,3.81557
3.828,right_hand,C3,beta,-10.078,4.00751
3.844,right_hand,C3,beta,-9.75287,4.22178
3.86,right_hand,C3,beta,-9.42083,4.41553
3.876,right_hand,C3,beta,-9.13993,4.53661
3.892,right_hand,C3,beta,-8.94646,4.54603
3.908,right_hand,C3,beta,-8.84832,4.43665
3.924,right_hand,C3,beta,-8.83147,4.23862
3.94,right_hand,C3,beta,-8.8726,4.00834
3.956,right_hand,C3,beta,-8.95034,3.80328
3.972,right_hand,C3,beta,-9.04993,3.65404
3.988,right_hand,C3,beta,-9.16095,3.55437
-0.988,right_hand,C4,mu,-1.68727,2.37114
-0.972,right_hand,C4,mu,-1.32818,2.21122
-0.956,right_hand,C4,mu,-0.952765,2.09379
-0.94,right_hand,C4,mu,-0.591009,2.07888
-0.924,right_hand,C4,mu,-0.260881,2.19648
-0.908,right_hand,C4,mu,0.0352157,2.41275
-0.892,right_hand,C4,mu,0.308056,2.64479
-0.876,right_hand,C4,mu,0.575462,2.80231
-0.86,right_hand,C4,mu,0.855463,2.81781
-0.844,right_hand,C4,mu,1.1613,2.66174
-0.828,right_hand,C4,mu,1.49939,2.34744
-0.812,right_hand,C4,mu,1.86954,1.92867
-0.796,right_hand,C4,mu,2.26562,1.4956
-0.78,right_hand,C4,mu,2.67472,1.17786
-0.764,right_hand,C4,mu,3.07478,1.11135
-0.748,right_hand,C4,mu,3.43223,1.28309
-0.732,right_hand,C4,mu,3.70294,1.54418
-0.716,right_hand,C4,mu,3.83868,1.78288
-0.7,right_hand,C4,mu,3.79865,1.94433
-0.684,right_hand,C4,mu,3.56256,2.00823
-0.668,right_hand,C4,mu,3.13972,1.98291
-0.652,right_hand,C4,mu,2.56938,1.90436
-0.636,right_hand,C4,mu,1.91171,1.82743
-0.62,right_hand,C4,mu,1.23228,1.80112
-0.604,right_hand,C4,mu,0.586646,1.83838
-0.588,right_hand,C4,mu,0.0107225,1.91258
-0.572,right_hand,C4,mu,-0.480327,1.98694
-0.556,right_hand,C4,mu,-0.886482,2.04242
-0.54,right_hand,C4,mu,-1.21526,2.08388
-0.524,right_hand,C4,mu,-1.47677,2.12845
-0.508,right_hand,C4,mu,-1.68313,2.18748
-0.492,right_hand,C4,mu,-1.85019,2.25601
-0.476,right_hand,C4,mu,-1.99722,2.31691
-0.46,right_hand,C4,mu,-2.14181,2.35246
-0.444,right_hand,C4,mu,-2.2907,2.35096
-0.428,right_hand,C4,mu,-2.43159,2.30425
-0.412,right_hand,C4,mu,-2.53214,2.20162
-0.396,right_hand,C4,mu,-2.54932,2.02857
-0.38,right_hand,C4,mu,-2.44679,1.77482
-0.364,right_hand,C4,mu,-2.21286,1.45129
-0.348,right_hand,C4,mu,-1.87047,1.11988
-0.332,right_hand,C4,mu,-1.47399,0.942277
-0.316,right_hand,C4,mu,-1.09419,1.08913
-0.3,right_hand,C4,mu,-0.797821,1.45243
-0.284,right_hand,C4,mu,-0.630564,1.8439
-0.268,right_hand,C4,mu,-0.609429,2.16436
-0.252,right_hand,C4,mu,-0.725854,2.37186
-0.236,right_hand,C4,mu,-0.956186,2.45888
-0.22,right_hand,C4,mu,-1.27384,2.44361
-0.204,right_hand,C4,mu,-1.65801,2.36359
-0.188,right_hand,C4,mu,-2.09628,2.26768
-0.172,right_hand,C4,mu,-2.58143,2.20431
-0.156,right_hand,C4,mu,-3.10521,2.20612
-0.14,right_hand,C4,mu,-3.65241,2.27808
-0.124,right_hand,C4,mu,-4.19837,2.39991
-0.108,right_hand,C4,mu,-4.71083,2.54085
-0.092,right_hand,C4,mu,-5.1553,2.67346
-0.076,right_hand,C4,mu,-5.50109,2.77952
-0.06,right_hand,C4,mu,-5.72537,2.84973
-0.044,right_hand,C4,mu,-5.81362,2.88111
-0.028,right_hand,C4,mu,-5.75718,2.87473
-0.012,right_hand,C4,mu,-5.54994,2.8357
0.004,right_hand,C4,mu,-5.1867,2.77614
0.02,right_hand,C4,mu,-4.66438,2.71989
0.036,right_hand,C4,mu,-3.98575,2.70518
0.052,right_hand,C4,mu,-3.1643,2.77977
0.068,right_hand,C4,mu,-2.22902,2.98502
0.084,right_hand,C4,mu,-1.22831,3.33469
0.1,right_hand,C4,mu,-0.232472,3.80417
0.116,right_hand,C4,mu,0.667534,4.33778
0.132,right_hand,C4,mu,1.36782,4.86827
0.148,right_hand,C4,mu,1.76846,5.33982
0.164,right_hand,C4,mu,1.79816,5.72746
0.18,right_hand,C4,mu,1.44014,6.04543
0.196,right_hand,C4,mu,0.748368,6.33895
0.212,right_hand,C4,mu,-0.155704,6.66158
0.228,right_hand,C4,mu,-1.10929,7.05004
0.244,right_hand,C4,mu,-1.95082,7.51184
0.26,right_hand,C4,mu,-2.56444,8.02954
0.276,right_hand,C4,mu,-2.91038,8.57231
0.292,right_hand,C4,mu,-3.03115,9.10429
0.308,right_hand,C4,mu,-3.03359,9.58786
0.324,right_hand,C4,mu,-3.05596,9.98498
0.34,right_hand,C4,mu,-3.23268,10.2593
0.356,right_hand,C4,mu,-3.66702,10.3799
0.372,right_hand,C4,mu,-4.41574,10.325
0.388,right_hand,C4,mu,-5.48461,10.0872
0.404,right_hand,C4,mu,-6.83156,9.67666
0.42,right_hand,C4,mu,-8.37515,9.12403
0.436,right_hand,C4,mu,-10.0078,8.47973
0.452,right_hand,C4,mu,-11.613,7.80796
0.468,right_hand,C4,mu,-13.0856,7.17501
0.484,right_hand,C4,mu,-14.3495,6.63369
0.5,right_hand,C4,mu,-15.3699,6.20987
0.516,right_hand,C4,mu,-16.156,5.89856
0.532,right_hand,C4,mu,-16.7541,5.67217
0.548,right_hand,C4,mu,-17.2335,5.49469
0.564,right_hand,C4,mu,-17.669,5.33282
0.58,right_hand,C4,mu,-18.1243,5.16134
0.596,right_hand,C4,mu,-18.6378,4.96597
0.612,right_hand,C4,mu,-19.2155,4.74646
0.628,right_hand,C4,mu,-19.8296,4.51888
0.644,right_hand,C4,mu,-20.4259,4.31341
0.66,right_hand,C4,mu,-20.9373,4.16531
0.676,right_hand,C4,mu,-21.2991,4.10158
0.692,right_hand,C4,mu,-21.4622,4.13006
0.708,right_hand,C4,mu,-21.4002,4.23659
0.724,right_hand,C4,mu,-21.1086,4.39097
0.74,right_hand,C4,mu,-20.5996,4.55833
0.756,right_hand,C4,mu,-19.8975,4.71195
0.772,right_hand,C4,mu,-19.037,4.84253
0.788,right_hand,C4,mu,-18.0657,4.95883
0.804,right_hand,C4,mu,-17.046,5.07804
0.82,right_hand,C4,mu,-16.0533,5.21152
0.836,right_hand,C4,mu,-15.1657,5.35619
0.852,right_hand,C4,mu,-14.4469,5.49731
0.868,right_hand,C4,mu,-13.9292,5.61861
0.884,right_hand,C4,mu,-13.6025,5.71093
0.9,right_hand,C4,mu,-13.4164,5.77444
0.916,right_hand,C4,mu,-13.2948,5.81566
0.932,right_hand,C4,mu,-13.1568,5.8436
0.948,right_hand,C4,mu,-12.9381,5.86749
0.964,right_hand,C4,mu,-12.6036,5.89573
0.98,right_hand,C4,mu,-12.1507,5.93347
0.996,right_hand,C4,mu,-11.6029,5.9786
1.012,right_hand,C4,mu,-11,6.01906
1.028,right_hand,C4,mu,-10.3874,6.03553
1.044,right_hand,C4,mu,-9.80788,6.00949
1.06,right_hand,C4,mu,-9.29619,5.93288
1.076,right_hand,C4,mu,-8.87703,5.81426
1.092,right_hand,C4,mu,-8.56546,5.67819
1.108,right_hand,C4,mu,-8.36936,5.55724
1.124,right_hand,C4,mu,-8.29227,5.4793
1.14,right_hand,C4,mu,-8.33487,5.45643
1.156,right_hand,C4,mu,-8.49372,5.48274
1.172,right_hand,C4,mu,-8.75776,5.54332
1.188,right_hand,C4,mu,-9.10505,5.62675
1.204,right_hand,C4,mu,-9.50281,5.73083
1.22,right_hand,C4,mu,-9.91258,5.85706
1.236,right_hand,C4,mu,-10.2994,5.99948
1.252,right_hand,C4,mu,-10.6416,6.13861
1.268,right_hand,C4,mu,-10.9362,6.24632
1.284,right_hand,C4,mu,-11.1984,6.29756
1.3,right_hand,C4,mu,-11.4549,6.28011
1.316,right_hand,C4,mu,-11.7343,6.19669
1.332,right_hand,C4,mu,-12.059,6.06017
1.348,right_hand,C4,mu,-12.4405,5.88644
1.364,right_hand,C4,mu,-12.8795,5.69021
1.38,right_hand,C4,mu,-13.3692,5.48511
1.396,right_hand,C4,mu,-13.8988,5.28593
1.412,right_hand,C4,mu,-14.4563,5.10878
1.428,right_hand,C4,mu,-15.0297,4.96794
1.444,right_hand,C4,mu,-15.6061,4.87147
1.46,right_hand,C4,mu,-16.1718,4.81936
1.476,right_hand,C4,mu,-16.7108,4.8059
1.492,right_hand,C4,mu,-17.2047,4.82407
1.508,right_hand,C4,mu,-17.6333,4.86827
1.524,right_hand,C4,mu,-17.9753,4.93414
1.54,right_hand,C4,mu,-18.2115,5.0164
1.556,right_hand,C4,mu,-18.33,5.10687
1.572,right_hand,C4,mu,-18.3331,5.19359
1.588,right_hand,C4,mu,-18.2441,5.26063
1.604,right_hand,C4,mu,-18.1096,5.28852
1.62,right_hand,C4,mu,-17.9947,5.25625
1.636,right_hand,C4,mu,-17.9685,5.14568
1.652,right_hand,C4,mu,-18.0841,4.94787
1.668,right_hand,C4,mu,-18.3582,4.66893
1.684,right_hand,C4,mu,-18.7595,4.33277
1.7,right_hand,C4,mu,-19.2105,3.97953
1.716,right_hand,C4,mu,-19.6041,3.65971
1.732,right_hand,C4,mu,-19.8299,3.42495
1.748,right_hand,C4,mu,-19.8008,3.31678
1.764,right_hand,C4,mu,-19.4701,3.35598
1.78,right_hand,C4,mu,-18.8362,3.53836
1.796,right_hand,C4,mu,-17.9324,3.8403
1.812,right_hand,C4,mu,-16.8104,4.22935
1.828,right_hand,C4,mu,-15.5221,4.67302
1.844,right_hand,C4,mu,-14.1085,5.14332
1.86,right_hand,C4,mu,-12.5959,5.61832
1.876,right_hand,C4,mu,-11.0005,6.08211
1.892,right_hand,C4,mu,-9.33723,6.52417
1.908,right_hand,C4,mu,-7.62864,6.93885
1.924,right_hand,C4,mu,-5.9097,7.32473
1.94,right_hand,C4,mu,-4.22806,7.68312
1.956,right_hand,C4,mu,-2.63972,8.01534
1.972,right_hand,C4,mu,-1.20263,8.3193
1.988,right_hand,C4,mu,0.0290939,8.58688
2.004,right_hand,C4,mu,1.00917,8.80366
2.02,right_hand,C4,mu,1.70157,8.95111
2.036,right_hand,C4,mu,2.08295,9.01094
2.052,right_hand,C4,mu,2.14617,8.97014
2.068,right_hand,C4,mu,1.90469,8.82549
2.084,right_hand,C4,mu,1.39577,8.58629
2.1,right_hand,C4,mu,0.680235,8.27408
2.116,right_hand,C4,mu,-0.16281,7.91904
2.132,right_hand,C4,mu,-1.04571,7.55368
2.148,right_hand,C4,mu,-1.8842,7.20594
2.164,right_hand,C4,mu,-2.60854,6.89484
2.18,right_hand,C4,mu,-3.17128,6.63064
2.196,right_hand,C4,mu,-3.55034,6.41866
2.212,right_hand,C4,mu,-3.74748,6.26373
2.228,right_hand,C4,mu,-3.78311,6.1723
2.244,right_hand,C4,mu,-3.68928,6.15185
2.26,right_hand,C4,mu,-3.50237,6.20855
2.276,right_hand,C4,mu,-3.25708,6.34383
2.292,right_hand,C4,mu,-2.98259,6.55006
2.308,right_hand,C4,mu,-2.70136,6.80702
2.324,right_hand,C4,mu,-2.43019,7.08195
2.34,right_hand,C4,mu,-2.18259,7.33397
2.356,right_hand,C4,mu,-1.97137,7.52133
2.372,right_hand,C4,mu,-1.80989,7.60878
2.388,right_hand,C4,mu,-1.71128,7.57359
2.404,right_hand,C4,mu,-1.68551,7.40954
2.42,right_hand,C4,mu,-1.73494,7.12865
2.436,right_hand,C4,mu,-1.85003,6.76004
2.452,right_hand,C4,mu,-2.00638,6.34619
2.468,right_hand,C4,mu,-2.1641,5.93675
2.484,right_hand,C4,mu,-2.27048,5.58044
2.5,right_hand,C4,mu,-2.26617,5.31513
2.516,right_hand,C4,mu,-2.09533,5.15881
2.532,right_hand,C4,mu,-1.7191,5.10688
2.548,right_hand,C4,mu,-1.1301,5.13918
2.564,right_hand,C4,mu,-0.363726,5.23251
2.58,right_hand,C4,mu,0.498974,5.36914
2.596,right_hand,C4,mu,1.34096,5.53663
2.612,right_hand,C4,mu,2.03171,5.72224
2.628,right_hand,C4,mu,2.45814,5.90896
2.644,right_hand,C4,mu,2.55553,6.07811
2.66,right_hand,C4,mu,2.32876,6.21689
2.676,right_hand,C4,mu,1.85638,6.3256
2.692,right_hand,C4,mu,1.27498,6.41977
2.708,right_hand,C4,mu,0.747205,6.52592
2.724,right_hand,C4,mu,0.421906,6.67254
2.74,right_hand,C4,mu,0.39742,6.87932
2.756,right_hand,C4,mu,0.698152,7.14824
2.772,right_hand,C4,mu,1.27063,7.45966
2.788,right_hand,C4,mu,1.99913,7.77545
2.804,right_hand,C4,mu,2.73528,8.04784
2.82,right_hand,C4,mu,3.33221,8.23141
2.836,right_hand,C4,mu,3.67452,8.29476
2.852,right_hand,C4,mu,3.69764,8.22921
2.868,right_hand,C4,mu,3.39521,8.05198
2.884,right_hand,C4,mu,2.81591,7.8024
2.9,right_hand,C4,mu,2.05257,7.53151
2.916,right_hand,C4,mu,1.22552,7.28834
2.932,right_hand,C4,mu,0.461596,7.10823
2.948,right_hand,C4,mu,-0.129731,7.00745
2.964,right_hand,C4,mu,-0.479207,6.98423
2.98,right_hand,C4,mu,-0.573677,7.02337
2.996,right_hand,C4,mu,-0.458634,7.10182
3.012,right_hand,C4,mu,-0.224222,7.19463
3.028,right_hand,C4,mu,0.0224921,7.28077
3.044,right_hand,C4,mu,0.189969,7.34751
3.06,right_hand,C4,mu,0.227535,7.39232
3.076,right_hand,C4,mu,0.134315,7.42161
3.092,right_hand,C4,mu,-0.0503019,7.44689
3.108,right_hand,C4,mu,-0.268651,7.47941
3.124,right_hand,C4,mu,-0.468497,7.52536
3.14,right_hand,C4,mu,-0.618667,7.58324
3.156,right_hand,C4,mu,-0.712503,7.64354
3.172,right_hand,C4,mu,-0.761587,7.69018
3.188,right_hand,C4,mu,-0.7859,7.70274
3.204,right_hand,C4,mu,-0.805904,7.65979
3.22,right_hand,C4,mu,-0.838579,7.54309
3.236,right_hand,C4,mu,-0.896398,7.3419
3.252,right_hand,C4,mu,-0.987514,7.05666
3.268,right_hand,C4,mu,-1.11678,6.702
3.284,right_hand,C4,mu,-1.28822,6.30882
3.3,right_hand,C4,mu,-1.50892,5.92273
3.316,right_hand,C4,mu,-1.79188,5.59407
3.332,right_hand,C4,mu,-2.15458,5.35818
3.348,right_hand,C4,mu,-2.61148,5.21646
3.364,right_hand,C4,mu,-3.16283,5.13615
3.38,right_hand,C4,mu,-3.78582,5.07159
3.396,right_hand,C4,mu,-4.43397,4.98906
3.412,right_hand,C4,mu,-5.04676,4.87803
3.428,right_hand,C4,mu,-5.56603,4.74791
3.444,right_hand,C4,mu,-5.95164,4.61853
3.46,right_hand,C4,mu,-6.18991,4.51189
3.476,right_hand,C4,mu,-6.29236,4.44755
3.492,right_hand,C4,mu,-6.28726,4.44009
3.508,right_hand,C4,mu,-6.20933,4.49571
3.524,right_hand,C4,mu,-6.09225,4.60769
3.54,right_hand,C4,mu,-5.96516,4.75337
3.556,right_hand,C4,mu,-5.85202,4.89653
3.572,right_hand,C4,mu,-5.77091,4.99605
3.588,right_hand,C4,mu,-5.73229,5.01758
3.604,right_hand,C4,mu,-5.7366,4.94409
3.62,right_hand,C4,mu,-5.77343,4.78194
3.636,right_hand,C4,mu,-5.82338,4.56099
3.652,right_hand,C4,mu,-5.86281,4.32773
3.668,right_hand,C4,mu,-5.8694,4.13172
3.684,right_hand,C4,mu,-5.82642,4.00935
3.7,right_hand,C4,mu,-5.72418,3.97391
3.716,right_hand,C4,mu,-5.55867,4.01912
3.732,right_hand,C4,mu,-5.32878,4.13189
3.748,right_hand,C4,mu,-5.03373,4.30245
3.764,right_hand,C4,mu,-4.67246,4.52592
3.78,right_hand,C4,mu,-4.24523,4.79812
3.796,right_hand,C4,mu,-3.75711,5.11092
3.812,right_hand,C4,mu,-3.22196,5.4501
3.828,right_hand,C4,mu,-2.66521,5.79548
3.844,right_hand,C4,mu,-2.12381,6.1227
3.86,right_hand,C4,mu,-1.64259,6.40579
3.876,right_hand,C4,mu,-1.26728,6.62036
3.892,right_hand,C4,mu,-1.03553,6.74711
3.908,right_hand,C4,mu,-0.968386,6.77535
3.924,right_hand,C4,mu,-1.06478,6.70597
3.94,right_hand,C4,mu,-1.30102,6.55251
3.956,right_hand,C4,mu,-1.63616,6.33953
3.972,right_hand,C4,mu,-2.02195,6.098
3.988,right_hand,C4,mu,-2.41471,5.8586
-0.988,right_hand,C4,beta,4.86003,2.0523
-0.972,right_hand,C4,beta,5.28939,2.1551
-0.956,right_hand,C4,beta,5.5169,2.24371
-0.94,right_hand,C4,beta,5.44192,2.2959
-0.924,right_hand,C4,beta,5.03388,2.29369
-0.908,right_hand,C4,beta,4.33918,2.24296
-0.892,right_hand,C4,beta,3.46669,2.17849
-0.876,right_hand,C4,beta,2.55426,2.14451
-0.86,right_hand,C4,beta,1.72851,2.15657
-0.844,right_hand,C4,beta,1.07539,2.18073
-0.828,right_hand,C4,beta,0.63327,2.15914
-0.812,right_hand,C4,beta,0.406576,2.05546
-0.796,right_hand,C4,beta,0.385284,1.88213
-0.78,right_hand,C4,beta,0.554805,1.69757
-0.764,right_hand,C4,beta,0.891572,1.57223
-0.748,right_hand,C4,beta,1.35245,1.53824
-0.732,right_hand,C4,beta,1.87024,1.57574
-0.716,right_hand,C4,beta,2.36079,1.65178
-0.7,right_hand,C4,beta,2.73758,1.7447
-0.684,right_hand,C4,beta,2.92599,1.83075
-0.668,right_hand,C4,beta,2.87325,1.8739
-0.652,right_hand,C4,beta,2.55556,1.83995
-0.636,right_hand,C4,beta,1.98442,1.71934
-0.62,right_hand,C4,beta,1.20995,1.54036
-0.604,right_hand,C4,beta,0.315671,1.36401
-0.588,right_hand,C4,beta,-0.598066,1.25376
-0.572,right_hand,C4,beta,-1.43815,1.22898
-0.556,right_hand,C4,beta,-2.14025,1.26048
-0.54,right_hand,C4,beta,-2.67867,1.32281
-0.524,right_hand,C4,beta,-3.06161,1.42008
-0.508,right_hand,C4,beta,-3.31658,1.55538
-0.492,right_hand,C4,beta,-3.47416,1.69765
-0.476,right_hand,C4,beta,-3.55686,1.79235
-0.46,right_hand,C4,beta,-3.57559,1.79671
-0.444,right_hand,C4,beta,-3.53289,1.70547
-0.428,right_hand,C4,beta,-3.42981,1.55881
-0.412,right_hand,C4,beta,-3.2732,1.43279
-0.396,right_hand,C4,beta,-3.07993,1.40182
-0.38,right_hand,C4,beta,-2.87577,1.48188
-0.364,right_hand,C4,beta,-2.68852,1.62789
-0.348,right_hand,C4,beta,-2.53819,1.78981
-0.332,right_hand,C4,beta,-2.42853,1.94124
-0.316,right_hand,C4,beta,-2.34429,2.06979
-0.3,right_hand,C4,beta,-2.25623,2.16302
-0.284,right_hand,C4,beta,-2.13296,2.20723
-0.268,right_hand,C4,beta,-1.95638,2.19441
-0.252,right_hand,C4,beta,-1.73574,2.12662
-0.236,right_hand,C4,beta,-1.51457,2.01455
-0.22,right_hand,C4,beta,-1.36556,1.875
-0.204,right_hand,C4,beta,-1.37104,1.72968
-0.188,right_hand,C4,beta,-1.59268,1.60158
-0.172,right_hand,C4,beta,-2.04059,1.50667
-0.156,right_hand,C4,beta,-2.65676,1.44885
-0.14,right_hand,C4,beta,-3.32418,1.42497
-0.124,right_hand,C4,beta,-3.90249,1.43048
-0.108,right_hand,C4,beta,-4.27637,1.45667
-0.092,right_hand,C4,beta,-4.3947,1.48938
-0.076,right_hand,C4,beta,-4.28209,1.51775
-0.06,right_hand,C4,beta,-4.019,1.54198
-0.044,right_hand,C4,beta,-3.70264,1.56883
-0.028,right_hand,C4,beta,-3.40908,1.60193
-0.012,right_hand,C4,beta,-3.17308,1.64296
0.004,right_hand,C4,beta,-2.98963,1.70156
0.02,right_hand,C4,beta,-2.83021,1.79344
0.036,right_hand,C4,beta,-2.66155,1.92075
0.052,right_hand,C4,beta,-2.45871,2.05939
0.068,right_hand,C4,beta,-2.21105,2.1719
0.084,right_hand,C4,beta,-1.92507,2.23041
0.1,right_hand,C4,beta,-1.62779,2.22852
0.116,right_hand,C4,beta,-1.36987,2.17977
0.132,right_hand,C4,beta,-1.22341,2.11148
0.148,right_hand,C4,beta,-1.2693,2.06064
0.164,right_hand,C4,beta,-1.57425,2.06807
0.18,right_hand,C4,beta,-2.16528,2.16107
0.196,right_hand,C4,beta,-3.01301,2.33314
0.212,right_hand,C4,beta,-4.03322,2.54577
0.228,right_hand,C4,beta,-5.10817,2.7518
0.244,right_hand,C4,beta,-6.11979,2.9151
0.26,right_hand,C4,beta,-6.98154,3.01533
0.276,right_hand,C4,beta,-7.65608,3.04418
0.292,right_hand,C4,beta,-8.15293,3.00273
0.308,right_hand,C4,beta,-8.50994,2.90351
0.324,right_hand,C4,beta,-8.77032,2.77261
0.34,right_hand,C4,beta,-8.96786,2.64437
0.356,right_hand,C4,beta,-9.12596,2.54697
0.372,right_hand,C4,beta,-9.26613,2.48879
0.388,right_hand,C4,beta,-9.41557,2.45792
0.404,right_hand,C4,beta,-9.60561,2.43449
0.42,right_hand,C4,beta,-9.86107,2.40322
0.436,right_hand,C4,beta,-10.1873,2.3589
0.452,right_hand,C4,beta,-10.5627,2.30617
0.468,right_hand,C4,beta,-10.9397,2.25655
0.484,right_hand,C4,beta,-11.2537,2.22509
0.5,right_hand,C4,beta,-11.4364,2.22756
0.516,right_hand,C4,beta,-11.4318,2.27539
0.532,right_hand,C4,beta,-11.2125,2.36667
0.548,right_hand,C4,beta,-10.7909,2.48108
0.564,right_hand,C4,beta,-10.2209,2.58889
0.58,right_hand,C4,beta,-9.58603,2.66812
0.596,right_hand,C4,beta,-8.97638,2.71555
0.612,right_hand,C4,beta,-8.46379,2.74351
0.628,right_hand,C4,beta,-8.0836,2.76623
0.644,right_hand,C4,beta,-7.8299,2.78692
0.66,right_hand,C4,beta,-7.66429,2.79574
0.676,right_hand,C4,beta,-7.53292,2.77987
0.692,right_hand,C4,beta,-7.38413,2.73765
0.708,right_hand,C4,beta,-7.17973,2.68701
0.724,right_hand,C4,beta,-6.89682,2.66139
0.74,right_hand,C4,beta,-6.5214,2.69263
0.756,right_hand,C4,beta,-6.03881,2.79147
0.772,right_hand,C4,beta,-5.42852,2.94213
0.788,right_hand,C4,beta,-4.6688,3.11336
0.804,right_hand,C4,beta,-3.7523,3.27226
0.82,right_hand,C4,beta,-2.7065,3.39176
0.836,right_hand,C4,beta,-1.60762,3.45464
0.852,right_hand,C4,beta,-0.576542,3.45673
0.868,right_hand,C4,beta,0.246888,3.4075
0.884,right_hand,C4,beta,0.743832,3.32589
0.9,right_hand,C4,beta,0.854433,3.23375
0.916,right_hand,C4,beta,0.597081,3.15054
0.932,right_hand,C4,beta,0.0607627,3.08981
0.948,right_hand,C4,beta,-0.625343,3.05715
0.964,right_hand,C4,beta,-1.33143,3.053
0.98,right_hand,C4,beta,-1.96023,3.08006
0.996,right_hand,C4,beta,-2.4631,3.14791
1.012,right_hand,C4,beta,-2.83693,3.26869
1.028,right_hand,C4,beta,-3.10728,3.44879
1.044,right_hand,C4,beta,-3.30726,3.68522
1.06,right_hand,C4,beta,-3.46137,3.96805
1.076,right_hand,C4,beta,-3.57972,4.28394
1.092,right_hand,C4,beta,-3.6625,4.61678
1.108,right_hand,C4,beta,-3.70977,4.94675
1.124,right_hand,C4,beta,-3.72984,5.25112
1.14,right_hand,C4,beta,-3.7408,5.50842
1.156,right_hand,C4,beta,-3.76402,5.70451
1.172,right_hand,C4,beta,-3.81321,5.83725
1.188,right_hand,C4,beta,-3.88523,5.91774
1.204,right_hand,C4,beta,-3.95823,5.96689
1.22,right_hand,C4,beta,-3.99863,6.00697
1.236,right_hand,C4,beta,-3.97358,6.04924
1.252,right_hand,C4,beta,-3.8634,6.08349
1.268,right_hand,C4,beta,-3.66929,6.07857
1.284,right_hand,C4,beta,-3.4148,5.99656
1.3,right_hand,C4,beta,-3.14207,5.81225
1.316,right_hand,C4,beta,-2.90445,5.52531
1.332,right_hand,C4,beta,-2.75733,5.15944
1.348,right_hand,C4,beta,-2.74908,4.75193
1.364,right_hand,C4,beta,-2.91432,4.34122
1.38,right_hand,C4,beta,-3.27038,3.95821
1.396,right_hand,C4,beta,-3.81604,3.62285
1.412,right_hand,C4,beta,-4.53009,3.34496
1.428,right_hand,C4,beta,-5.36901,3.12924
1.444,right_hand,C4,beta,-6.26669,2.98399
1.46,right_hand,C4,beta,-7.14137,2.92777
1.476,right_hand,C4,beta,-7.91235,2.98225
1.492,right_hand,C4,beta,-8.52237,3.14816
1.508,right_hand,C4,beta,-8.95549,3.38674
1.524,right_hand,C4,beta,-9.24032,3.63109
1.54,right_hand,C4,beta,-9.43486,3.81759
1.556,right_hand,C4,beta,-9.59904,3.91191
1.572,right_hand,C4,beta,-9.76763,3.91624
1.588,right_hand,C4,beta,-9.93603,3.85822
1.604,right_hand,C4,beta,-10.0652,3.77152
1.62,right_hand,C4,beta,-10.1028,3.68179
1.636,right_hand,C4,beta,-10.0101,3.60453
1.652,right_hand,C4,beta,-9.78043,3.54836
1.668,right_hand,C4,beta,-9.44181,3.51448
1.684,right_hand,C4,beta,-9.04158,3.49361
1.7,right_hand,C4,beta,-8.62354,3.46773
1.716,right_hand,C4,beta,-8.20989,3.41935
1.732,right_hand,C4,beta,-7.79705,3.34231
1.748,right_hand,C4,beta,-7.36594,3.24756
1.764,right_hand,C4,beta,-6.89929,3.1612
1.78,right_hand,C4,beta,-6.39602,3.11492
1.796,right_hand,C4,beta,-5.87585,3.13185
1.812,right_hand,C4,beta,-5.37287,3.21549
1.828,right_hand,C4,beta,-4.92229,3.34931
1.844,right_hand,C4,beta,-4.54728,3.50621
1.86,right_hand,C4,beta,-4.25217,3.65999
1.876,right_hand,C4,beta,-4.02484,3.79292
1.892,right_hand,C4,beta,-3.84629,3.89714
1.908,right_hand,C4,beta,-3.70199,3.97021
1.924,right_hand,C4,beta,-3.58939,4.00905
1.94,right_hand,C4,beta,-3.51884,4.00823
1.956,right_hand,C4,beta,-3.50897,3.96397
1.972,right_hand,C4,beta,-3.57912,3.87839
1.988,right_hand,C4,beta,-3.74173,3.75884
2.004,right_hand,C4,beta,-3.99665,3.6137
2.02,right_hand,C4,beta,-4.32934,3.45014
2.036,right_hand,C4,beta,-4.71466,3.27611
2.052,right_hand,C4,beta,-5.1254,3.10232
2.068,right_hand,C4,beta,-5.54148,2.93958
2.084,right_hand,C4,beta,-5.95315,2.79305
2.1,right_hand,C4,beta,-6.3548,2.65995
2.116,right_hand,C4,beta,-6.73264,2.53473
2.132,right_hand,C4,beta,-7.05566,2.41758
2.148,right_hand,C4,beta,-7.27881,2.31908
2.164,right_hand,C4,beta,-7.35916,2.25735
2.18,right_hand,C4,beta,-7.27639,2.24914
2.196,right_hand,C4,beta,-7.04526,2.30162
2.212,right_hand,C4,beta,-6.71305,2.41125
2.228,right_hand,C4,beta,-6.34523,2.56797
2.244,right_hand,C4,beta,-6.00836,2.75726
2.26,right_hand,C4,beta,-5.75814,2.96051
2.276,right_hand,C4,beta,-5.63341,3.15907
2.292,right_hand,C4,beta,-5.65192,3.34097
2.308,right_hand,C4,beta,-5.80527,3.50346
2.324,right_hand,C4,beta,-6.05563,3.64798
2.34,right_hand,C4,beta,-6.34007,3.77174
2.356,right_hand,C4,beta,-6.58513,3.86366
2.372,right_hand,C4,beta,-6.72759,3.90869
2.388,right_hand,C4,beta,-6.73214,3.89751
2.404,right_hand,C4,beta,-6.5987,3.83429
2.42,right_hand,C4,beta,-6.35762,3.73741
2.436,right_hand,C4,beta,-6.05706,3.63208
2.452,right_hand,C4,beta,-5.7476,3.53892
2.468,right_hand,C4,beta,-5.46801,3.46612
2.484,right_hand,C4,beta,-5.23426,3.41228
2.5,right_hand,C4,beta,-5.03447,3.37688
2.516,right_hand,C4,beta,-4.83297,3.36619
2.532,right_hand,C4,beta,-4.58536,3.38711
2.548,right_hand,C4,beta,-4.26155,3.43592
2.564,right_hand,C4,beta,-3.86813,3.49591
2.58,right_hand,C4,beta,-3.45871,3.54757
2.596,right_hand,C4,beta,-3.12321,3.58128
2.612,right_hand,C4,beta,-2.95642,3.60202
2.628,right_hand,C4,beta,-3.01687,3.62456
2.644,right_hand,C4,beta,-3.29467,3.6648
2.66,right_hand,C4,beta,-3.70577,3.73301
2.676,right_hand,C4,beta,-4.11832,3.83024
2.692,right_hand,C4,beta,-4.40139,3.94655
2.708,right_hand,C4,beta,-4.47403,4.06195
2.724,right_hand,C4,beta,-4.33234,4.15156
2.74,right_hand,C4,beta,-4.0429,4.19381
2.756,right_hand,C4,beta,-3.70844,4.17839
2.772,right_hand,C4,beta,-3.4241,4.10965
2.788,right_hand,C4,beta,-3.24577,4.00283
2.804,right_hand,C4,beta,-3.18305,3.87408
2.82,right_hand,C4,beta,-3.2152,3.7312
2.836,right_hand,C4,beta,-3.31747,3.57363
2.852,right_hand,C4,beta,-3.48189,3.40254
2.868,right_hand,C4,beta,-3.7224,3.23127
2.884,right_hand,C4,beta,-4.06411,3.0857
2.9,right_hand,C4,beta,-4.52443,2.99335
2.916,right_hand,C4,beta,-5.09692,2.9705
2.932,right_hand,C4,beta,-5.74593,3.017
2.948,right_hand,C4,beta,-6.41441,3.11844
2.964,right_hand,C4,beta,-7.0414,3.24895
2.98,right_hand,C4,beta,-7.581,3.37395
2.996,right_hand,C4,beta,-8.01416,3.45905
3.012,right_hand,C4,beta,-8.34708,3.48566
3.028,right_hand,C4,beta,-8.59731,3.46444
3.044,right_hand,C4,beta,-8.7756,3.4337
3.06,right_hand,C4,beta,-8.87458,3.43683
3.076,right_hand,C4,beta,-8.87187,3.49284
3.092,right_hand,C4,beta,-8.74586,3.58927
3.108,right_hand,C4,beta,-8.49421,3.70338
3.124,right_hand,C4,beta,-8.14333,3.82147
3.14,right_hand,C4,beta,-7.74295,3.9347
3.156,right_hand,C4,beta,-7.34971,4.0239
3.172,right_hand,C4,beta,-7.00991,4.05822
3.188,right_hand,C4,beta,-6.75087,4.01179
3.204,right_hand,C4,beta,-6.58263,3.88203
3.22,right_hand,C4,beta,-6.5043,3.69477
3.236,right_hand,C4,beta,-6.50702,3.49463
3.252,right_hand,C4,beta,-6.57074,3.32892
3.268,right_hand,C4,beta,-6.66,3.23508
3.284,right_hand,C4,beta,-6.72746,3.23563
3.3,right_hand,C4,beta,-6.72975,3.33553
3.316,right_hand,C4,beta,-6.64978,3.51851
3.332,right_hand,C4,beta,-6.51192,3.74907
3.348,right_hand,C4,beta,-6.37759,3.98515
3.364,right_hand,C4,beta,-6.32023,4.1931
3.38,right_hand,C4,beta,-6.39164,4.35453
3.396,right_hand,C4,beta,-6.59803,4.46335
3.412,right_hand,C4,beta,-6.89769,4.51805
3.428,right_hand,C4,beta,-7.21893,4.51564
3.444,right_hand,C4,beta,-7.48567,4.45048
3.46,right_hand,C4,beta,-7.63739,4.31813
3.476,right_hand,C4,beta,-7.63801,4.12122
3.492,right_hand,C4,beta,-7.47818,3.87274
3.508,right_hand,C4,beta,-7.17758,3.59381
3.524,right_hand,C4,beta,-6.78885,3.30934
3.54,right_hand,C4,beta,-6.39658,3.04676
3.556,right_hand,C4,beta,-6.10274,2.83811
3.572,right_hand,C4,beta,-5.99627,2.71734
3.588,right_hand,C4,beta,-6.11632,2.7067
3.604,right_hand,C4,beta,-6.4265,2.80204
3.62,right_hand,C4,beta,-6.8162,2.97502
3.636,right_hand,C4,beta,-7.1331,3.18932
3.652,right_hand,C4,beta,-7.23592,3.4115
3.668,right_hand,C4,beta,-7.04514,3.61033
3.684,right_hand,C4,beta,-6.57049,3.7537
3.7,right_hand,C4,beta,-5.90445,3.81147
3.716,right_hand,C4,beta,-5.1872,3.76386
3.732,right_hand,C4,beta,-4.55986,3.60809
3.748,right_hand,C4,beta,-4.12533,3.35907
3.764,right_hand,C4,beta,-3.92876,3.04701
3.78,right_hand,C4,beta,-3.9593,2.72002
3.796,right_hand,C4,beta,-4.1661,2.4542
3.812,right_hand,C4,beta,-4.47953,2.34968
3.828,right_hand,C4,beta,-4.83066,2.47072
3.844,right_hand,C4,beta,-5.16582,2.7746
3.86,right_hand,C4,beta,-5.45516,3.14592
3.876,right_hand,C4,beta,-5.69368,3.4759
3.892,right_hand,C4,beta,-5.89401,3.69541
3.908,right_hand,C4,beta,-6.07247,3.77603
3.924,right_hand,C4,beta,-6.23431,3.72298
3.94,right_hand,C4,beta,-6.36609,3.56691
3.956,right_hand,C4,beta,-6.44034,3.3559
3.972,right_hand,C4,beta,-6.43107,3.14679
3.988,right_hand,C4,beta,-6.33143,2.99305
